,订单号,订单行,销售时间,交货时间,货品交货状况,货品,货品用户反馈,销售区域,数量,销售金额
0,P096311,10,2016/7/30,2016/9/30,晚交货,货品3,质量合格,华北,2.0,"1052,75元"
1,P096826,10,2016/8/30,2016/10/30,按时交货,货品3,质量合格,华北,10.0,"11,50万元"
2,,20,2016/8/30,2016/10/30,按时交货,货品3,质量合格,华北,10.0,"11,50万元"
3,P097435,10,2016/7/30,2016/9/30,按时交货,货品1,返修,华南,2.0,"6858,77元"
4,P097446,60,2016/11/26,2017/1/26,晚交货,货品3,质量合格,华北,15.0,"129,58元"
5,P097446,80,2016/11/26,2017/1/26,晚交货,货品3,拒货,华北,15.0,"32,39元"
6,P098065,10,2016/7/15,2016/10/15,按时交货,货品2,返修,华东,1.0,"22192,97元"
7,P098065,20,2016/8/10,2016/11/10,按时交货,货品1,质量合格,华南,1.0,"25723,04元"
8,P098823,10,2016/9/30,2016/11/30,按时交货,货品1,拒货,华南,2.0,"6934,75元"
9,P099725,10,2016/8/3,2016/11/3,晚交货,货品3,质量合格,华北,1.0,"1319,63元"
10,P101535,10,2016/7/15,2016/10/15,按时交货,货品3,返修,华北,,"700,53元"
11,,20,2016/8/22,2016/11/22,按时交货,货品3,返修,华北,4.0,"700,53元"
12,P098065,10,2016/7/15,2016/10/15,按时交货,货品2,返修,华东,1.0,"22192,97元"
13,P098065,20,2016/8/10,2016/11/10,按时交货,货品1,质量合格,华南,1.0,"25723,04元"
14,P098823,10,2016/9/30,2016/11/30,按时交货,货品1,拒货,华南,2.0,"6934,75元"
15,P099725,10,2016/8/3,2016/11/3,晚交货,货品3,质量合格,华北,1.0,"1319,63元"
16,P101535,10,2016/7/15,2016/10/15,按时交货,货品3,返修,华北,,"700,53元"
17,P109038,10,2016/12/30,2017/2/28,晚交货,货品2,返修,马来西亚,1.0,"2910,61元"
18,P109038,20,2016/12/30,2017/2/28,晚交货,货品2,质量合格,马来西亚,1.0,"2910,61元"
19,P109736,10,2016/12/30,2017/2/28,按时交货,货品1,拒货,华南,1.0,"30718,00元"
20,P110672,30,2016/7/15,2016/10/15,按时交货,货品1,拒货,华南,280.0,"19755,19元"
21,P110672,40,2016/9/15,2016/12/15,按时交货,货品1,质量合格,华南,280.0,"19755,19元"
22,P111812,10,2016/8/25,2016/10/25,按时交货,货品1,质量合格,华南,1.0,"17538,97元"
23,P111812,20,2016/8/25,2016/10/25,按时交货,货品1,拒货,华南,1.0,"17538,97元"
24,P112481,10,2016/9/12,2016/12/12,晚交货,货品2,拒货,马来西亚,1.0,"1140,53元"
25,P112700,10,2016/7/30,2016/9/30,按时交货,货品2,拒货,马来西亚,2.0,"44,19元"
26,P113276,10,2016/8/22,2016/11/22,晚交货,货品2,拒货,马来西亚,1.0,"38,97元"
27,P114322,10,2016/12/15,2017/3/15,晚交货,货品2,拒货,马来西亚,1.0,"200,61元"
28,P114322,10,2016/11/22,2017/2/22,晚交货,货品2,拒货,马来西亚,1.0,"200,61元"
29,P116102,10,2016/8/30,2016/10/30,按时交货,货品6,质量合格,马来西亚,1.0,"92,00元"
30,P117997,10,2016/8/25,2016/10/25,晚交货,货品2,拒货,马来西亚,1500.0,"4419,19元"
31,P121154,10,2016/7/30,2016/9/30,按时交货,货品3,质量合格,华北,1.0,"32,70万元"
32,P122051,10,2016/7/15,2016/10/15,按时交货,货品6,质量合格,马来西亚,,"42,76元"
33,P122441,10,2016/8/31,2016/10/31,按时交货,货品5,拒货,泰国,1.0,"348,74元"
34,P122603,10,2016/8/31,2016/10/31,按时交货,货品6,质量合格,马来西亚,1.0,"36,71元"
35,P122660,10,2016/8/31,2016/10/31,晚交货,货品2,返修,马来西亚,1.0,"152,59元"
36,P122837,10,2016/8/31,2016/10/31,按时交货,货品4,返修,西北,1.0,"399,94元"
37,P123073,10,2016/8/31,2016/10/31,按时交货,货品6,质量合格,马来西亚,4.0,"7,69元"
38,P123092,10,2016/10/1,2016/11/30,按时交货,货品5,质量合格,泰国,7.0,"104,90元"
39,P123140,10,2016/8/31,2016/10/31,按时交货,货品5,质量合格,泰国,1.0,"158,30元"
40,P123314,10,2016/10/1,2016/11/30,按时交货,货品6,质量合格,马来西亚,1.0,"7,50元"
41,P123487,10,2016/8/15,2016/11/15,按时交货,货品6,质量合格,马来西亚,1.0,"200,25元"
42,P123511,10,2016/12/10,2017/3/10,晚交货,货品2,拒货,华东,1.0,"6984,25元"
43,P114322,10,2016/11/22,2017/2/22,晚交货,货品2,拒货,马来西亚,1.0,"200,61元"
44,P116102,10,2016/8/30,2016/10/30,按时交货,货品6,质量合格,马来西亚,1.0,"92,00元"
45,P117997,10,2016/8/25,2016/10/25,晚交货,货品2,拒货,马来西亚,1500.0,"4419,19元"
46,P121154,10,2016/7/30,2016/9/30,按时交货,货品3,质量合格,华北,1.0,"32,70元"
47,P122051,10,2016/7/15,2016/10/15,按时交货,货品6,质量合格,马来西亚,,"42,76元"
48,P122441,10,2016/8/31,2016/10/31,,货品5,拒货,泰国,1.0,"348,74元"
49,P122603,10,2016/8/31,2016/10/31, 按时交货,货品6,质量合格,马来西亚,1.0,"36,71元"
50,P122660,10,2016/8/31,2016/10/31, 晚交货,货品2,返修,马来西亚,1.0,"152,59元"
51,P122837,10,2016/8/31,2016/10/31, 按时交货,货品4,返修,西北,1.0,"399,94元"
52,P123073,10,2016/8/31,2016/10/31, 按时交货,货品6,质量合格,马来西亚,4.0,"7,69元"
53,P123092,10,2016/10/1,2016/11/30, 按时交货,货品5,质量合格,泰国,7.0,"104,90元"
54,P123140,10,2016/8/31,2016/10/31, 按时交货,货品5,质量合格,泰国,1.0,"158,30元"
55,P123314,10,2016/10/1,2016/11/30, 按时交货,货品6,质量合格,马来西亚,1.0,"7,50元"
56,P123487,10,2016/8/15,2016/11/15, 按时交货,货品6,质量合格,马来西亚,1.0,"200,25元"
57,P123511,10,2016/12/10,2017/3/10, 晚交货,货品2,拒货,华东,1.0,"6984,25元"
58,P123511,10,2016/10/8,2017/1/8, 晚交货,货品2,拒货,华东,1.0,"6984,25元"
59,P123639,10,2016/8/15,2016/11/15,,货品6,质量合格,马来西亚,2.0,"15,51元"
60,P123703,10,2016/8/15,2016/11/15, 按时交货,货品6,质量合格,马来西亚,5.0,"7,09元"
61,P124553,10,2016/8/24,2016/11/24, 按时交货,货品6,质量合格,马来西亚,1.0,"15,46元"
62,P124855,10,2016/12/1,2017/1/31, 按时交货,货品6,质量合格,马来西亚,1.0,"22,59元"
63,P124940,10,2016/9/15,2016/12/15, 按时交货,货品5,质量合格,泰国,1.0,"205,42元"
64,P125296,10,2016/9/15,2016/12/15, 按时交货,货品6,质量合格,马来西亚,2.0,"31,24元"
65,P125385,10,2016/10/15,2017/1/15, 按时交货,货品6,质量合格,马来西亚,1.0,"44,91元"
66,P125534,10,2016/10/15,2017/1/15, 按时交货,货品5,返修,泰国,1.0,"127,29元"
67,P125535,10,2016/9/15,2016/12/15, 按时交货,货品5,返修,泰国,1.0,"109,75元"
68,P126485,10,2016/10/30,2016/12/30, 按时交货,货品5,拒货,泰国,1.0,"303,29元"
69,P126486,10,2016/10/30,2016/12/30, 按时交货,货品5,质量合格,泰国,1.0,"142,36元"
70,P126487,10,2016/10/30,2016/12/30, 按时交货,货品6,质量合格,马来西亚,1.0,"8,45元"
71,P126788,10,2016/12/30,2017/2/28, 晚交货,货品1,拒货,华南,1.0,"4485,39元"
72,P127037,10,2016/10/30,2016/12/30, 按时交货,货品4,质量合格,西北,1.0,"440,01元"
73,P127069,10,2016/10/30,2016/12/30, 晚交货,货品2,拒货,华东,1.0,"102,66元"
74,P127202,10,2016/10/15,2017/1/15, 按时交货,货品5,质量合格,泰国,1.0,"283,02元"
75,P128120,10,2016/12/1,2017/1/31, 按时交货,货品6,返修,马来西亚,1.0,"24,98元"
76,P128238,20,2016/7/30,2016/9/30, 晚交货,货品2,拒货,华东,1.0,"458,29元"
77,P128387,10,2016/11/30,2017/1/30, 按时交货,货品5,质量合格,泰国,1.0,"365,39元"
78,P128643,10,2016/12/1,2017/1/31, 按时交货,货品6,返修,马来西亚,1.0,"90,84元"
79,P129172,10,2016/8/29,2016/10/29, 晚交货,货品2,返修,华东,2.0,"13733,72元"
80,P129639,10,2016/11/15,2017/2/15, 按时交货,货品6,质量合格,马来西亚,1.0,"18,65元"
81,P129929,10,2016/12/30,2017/2/28, 按时交货,货品6,返修,马来西亚,1.0,"26,25元"
82,P129930,10,2016/12/30,2017/2/28, 按时交货,货品6,质量合格,马来西亚,1.0,"24,43元"
83,P130559,10,2016/12/30,2017/2/28, 按时交货,货品6,质量合格,马来西亚,1.0,"13,09元"
84,P132063,10,2016/7/30,2016/9/30, 按时交货,货品3,拒货,华北,2.0,"153,62元"
85,P132063,20,2016/7/30,2016/9/30, 按时交货,货品3,拒货,华北,2.0,"155,07元"
86,P132964,10,2016/11/16,2017/2/16, 晚交货,货品2,拒货,华东,1.0,"3599,76元"
87,P135728,10,2016/8/30,2016/10/30, 按时交货,货品3,质量合格,华北,4.0,"62,96元"
88,P135728,20,2016/8/30,2016/10/30, 按时交货,货品6,质量合格,马来西亚,4.0,"34,89元"
89,P135735,10,2016/11/30,2017/1/30, 按时交货,货品3,质量合格,华北,4.0,"62,96元"
90,P135735,20,2016/11/30,2017/1/30, 按时交货,货品6,质量合格,马来西亚,4.0,"34,89元"
91,P135737,10,2016/8/30,2016/10/30, 按时交货,货品3,质量合格,华北,4.0,"62,96元"
92,P135737,20,2016/8/30,2016/10/30, 按时交货,货品6,返修,马来西亚,4.0,"34,89元"
93,P135951,10,2016/9/25,2016/11/25, 按时交货,货品1,质量合格,西北,1.0,"90000,46元"
94,P135951,20,2016/9/25,2016/11/25, 按时交货,货品1,质量合格,华南,1.0,"92595,22元"
95,P137613,10,2016/8/31,2016/10/31, 按时交货,货品3,质量合格,华北,1.0,"75,32元"
96,P137613,20,2016/8/31,2016/10/31, 按时交货,货品3,质量合格,华北,1.0,"47,58元"
97,P138559,10,2016/8/30,2016/10/30, 按时交货,货品1,质量合格,华北,1.0,"13712,80元"
98,P144800,10,2016/8/16,2016/11/16, 晚交货,货品3,拒货,华北,1.0,"1367,02元"
99,P144841,10,2016/8/24,2016/11/24, 按时交货,货品5,质量合格,泰国,1.0,"329,98元"
100,P146012,10,2016/10/17,2017/1/17, 晚交货,货品2,拒货,华东,1.0,"19283,90元"
101,P146166,10,2016/7/30,2016/9/30, 晚交货,货品2,拒货,华东,1.0,"557,17元"
102,P150740,10,2016/7/30,2016/9/30, 按时交货,货品4,质量合格,西北,2.0,"351,52元"
103,P150740,20,2016/7/30,2016/9/30, 晚交货,货品4,质量合格,西北,2.0,"371,15元"
104,P152820,10,2016/7/30,2016/9/30, 按时交货,货品3,质量合格,华北,40.0,"34,07元"
105,P152820,20,2016/7/30,2016/9/30, 按时交货,货品3,返修,华北,40.0,"34,07元"
106,P153464,10,2016/11/30,2017/1/30, 按时交货,货品6,质量合格,马来西亚,1.0,"683,68元"
107,P153464,20,2016/11/30,2017/1/30, 按时交货,货品6,质量合格,马来西亚,1.0,"683,68元"
108,P155360,10,2016/11/7,2017/2/7, 晚交货,货品2,拒货,华东,1.0,"2978,48元"
109,P155360,20,2016/10/1,2016/11/30, 晚交货,货品2,拒货,华东,1.0,"0,00元"
110,P155427,10,2016/8/12,2016/11/12, 晚交货,货品2,拒货,华东,1.0,"154,06元"
111,P155700,10,2016/7/30,2016/9/30, 按时交货,货品6,返修,马来西亚,2.0,"200,79元"
112,P158480,10,2016/7/20,2016/10/20, 按时交货,货品3,质量合格,华北,80.0,"151,98元"
113,P158480,20,2016/7/20,2016/10/20, 按时交货,货品3,质量合格,华北,96.0,"77,10元"
114,P159946,10,2016/8/15,2016/11/15, 晚交货,货品2,返修,华东,21.0,"2219,87元"
115,P159952,10,2016/9/30,2016/11/30, 晚交货,货品2,拒货,华东,21.0,"357,52元"
116,P161989,10,2016/8/15,2016/11/15, 晚交货,货品3,质量合格,华北,6.0,"3034,66元"
117,P162144,10,2016/9/12,2016/12/12, 晚交货,货品2,拒货,华东,1500.0,"4135,11元"
118,P163341,10,2016/8/30,2016/10/30, 晚交货,货品2,质量合格,华东,1.0,"2,22元"
119,P163341,20,2016/8/30,2016/10/30, 按时交货,货品6,返修,马来西亚,1.0,"1,38元"
120,P163365,10,2016/7/20,2016/10/20, 按时交货,货品3,拒货,华北,2.0,"21,00元"
121,P164647,10,2016/7/15,2016/10/15, 按时交货,货品3,返修,华北,1.0,"3488,41元"
122,P165493,10,2016/7/30,2016/9/30, 按时交货,货品3,返修,华北,2.0,"7,15元"
123,P165641,10,2016/8/25,2016/10/25, 按时交货,货品6,质量合格,马来西亚,24.0,"14,85元"
124,P165641,20,2016/8/25,2016/10/25, 按时交货,货品6,返修,马来西亚,24.0,"14,85元"
125,P165673,10,2016/7/30,2016/9/30, 按时交货,货品2,返修,华东,1.0,"268,59元"
126,P165673,20,2016/7/30,2016/9/30, 按时交货,货品2,质量合格,华东,1.0,"109,76元"
127,P165692,10,2016/7/15,2016/10/15, 按时交货,货品6,质量合格,马来西亚,6.0,"548,58元"
128,P165692,20,2016/7/15,2016/10/15, 按时交货,货品6,质量合格,马来西亚,6.0,"548,58元"
129,P166323,10,2016/7/29,2016/9/29, 按时交货,货品3,返修,华北,4.0,"790,73元"
130,P167201,10,2016/7/30,2016/9/30, 按时交货,货品6,返修,马来西亚,1.0,"11,84元"
131,P167388,10,2016/7/30,2016/9/30, 晚交货,货品4,质量合格,西北,2.0,"763,17元"
132,P167411,10,2016/7/20,2016/10/20, 按时交货,货品2,质量合格,华东,1.0,"423,36元"
133,P167411,20,2016/7/20,2016/10/20, 按时交货,货品2,返修,华东,1.0,"423,36元"
134,P167417,10,2016/7/20,2016/10/20, 按时交货,货品2,质量合格,华东,1.0,"423,36元"
135,P167417,20,2016/7/20,2016/10/20, 按时交货,货品2,质量合格,华东,1.0,"423,36元"
136,P167981,10,2016/8/10,2016/11/10, 晚交货,货品2,质量合格,华东,1.0,"545,98元"
137,P171760,10,2016/8/29,2016/10/29, 按时交货,货品3,质量合格,华北,2.0,"924,65元"
138,P171890,10,2016/8/22,2016/11/22, 按时交货,货品3,拒货,华北,1.0,"2628,66元"
139,P173979,10,2016/7/20,2016/10/20, 按时交货,货品3,拒货,华北,2.0,"94,67元"
140,P174082,10,2016/7/30,2016/9/30, 按时交货,货品6,返修,马来西亚,2.0,"23,67元"
141,P174127,10,2016/7/30,2016/9/30, 按时交货,货品3,质量合格,华北,1.0,"747,37元"
142,P175427,10,2016/12/30,2017/2/28, 按时交货,货品2,拒货,华东,288.0,"210,62元"
143,P175427,20,2016/12/30,2017/2/28, 按时交货,货品2,拒货,华东,288.0,"210,62元"
144,P175433,10,2016/7/30,2016/9/30, 按时交货,货品3,质量合格,华北,1.0,"1741,40元"
145,P175447,10,2016/9/15,2016/12/15, 按时交货,货品2,质量合格,华东,1.0,"460,09元"
146,P175451,10,2016/8/15,2016/11/15, 晚交货,货品4,返修,西北,1.0,"737,45元"
147,P175498,10,2016/8/15,2016/11/15, 按时交货,货品5,返修,泰国,1.0,"191,87元"
148,P175591,10,2016/10/1,2016/11/30, 按时交货,货品2,拒货,华东,2.0,"26,29元"
149,P176334,10,2016/7/15,2016/10/15, 按时交货,货品6,返修,马来西亚,84.0,"543,49元"
150,P176334,20,2016/7/15,2016/10/15, 按时交货,货品6,质量合格,马来西亚,84.0,"543,49元"
151,P177109,10,2016/7/30,2016/9/30, 按时交货,货品5,质量合格,泰国,1.0,"114,96元"
152,P177282,10,2016/7/20,2016/10/20, 按时交货,货品3,质量合格,华北,1.0,"236,16元"
153,P178157,10,2016/7/30,2016/9/30, 按时交货,货品2,拒货,华东,1.0,"749,84元"
154,P178157,20,2016/7/30,2016/9/30, 按时交货,货品2,返修,华东,1.0,"749,84元"
155,P178212,10,2016/7/30,2016/9/30, 按时交货,货品5,质量合格,泰国,1.0,"85,60元"
156,P178212,20,2016/7/30,2016/9/30, 按时交货,货品5,质量合格,泰国,1.0,"85,60元"
157,P178341,10,2016/8/31,2016/10/31, 按时交货,货品3,质量合格,华北,1.0,"3285,04元"
158,P178343,10,2016/8/12,2016/11/12, 按时交货,货品1,质量合格,华北,1.0,"10446,44元"
159,P178381,10,2016/7/15,2016/10/15, 按时交货,货品6,返修,马来西亚,1.0,"42,64元"
160,P178437,10,2016/7/12,2016/10/12, 晚交货,货品2,返修,华东,1.0,"6832,89元"
161,P180516,10,2016/7/20,2016/10/20, 按时交货,货品2,拒货,华东,2.0,"1,38元"
162,P181098,10,2016/7/30,2016/9/30, 按时交货,货品2,拒货,华东,2.0,"2,77元"
163,P181098,20,2016/7/30,2016/9/30, 按时交货,货品2,拒货,华东,2.0,"2,77元"
164,P181184,10,2016/8/30,2016/10/30, 按时交货,货品6,质量合格,马来西亚,28.0,"9,17元"
165,P181184,20,2016/8/30,2016/10/30, 按时交货,货品6,质量合格,马来西亚,28.0,"9,17元"
166,P181233,10,2016/7/30,2016/9/30, 按时交货,货品2,拒货,华东,1.0,"287,49元"
167,P181846,10,2016/10/1,2016/11/30, 按时交货,货品1,返修,华北,1.0,"6769,22元"
168,P181907,10,2016/7/30,2016/9/30, 按时交货,货品6,返修,马来西亚,1.0,"36,67元"
169,P181953,10,2016/7/30,2016/9/30, 按时交货,货品5,拒货,泰国,60.0,"124,11元"
170,P181988,10,2016/7/30,2016/9/30, 按时交货,货品3,质量合格,华北,12.0,"59,72元"
171,P181988,20,2016/7/30,2016/9/30, 按时交货,货品3,质量合格,华北,2.0,"5,24元"
172,P182017,10,2016/7/15,2016/10/15, 按时交货,货品4,返修,西北,1.0,"759,55元"
173,P182776,10,2016/7/30,2016/9/30, 按时交货,货品3,质量合格,华北,1.0,"65,39元"
174,P182781,10,2016/7/30,2016/9/30, 按时交货,货品5,质量合格,泰国,8.0,"77,12元"
175,P182781,20,2016/7/30,2016/9/30, 按时交货,货品5,返修,泰国,1.0,"23,54元"
176,P182817,10,2016/7/30,2016/9/30, 按时交货,货品4,返修,西北,4.0,"501,85元"
177,P182850,10,2016/10/1,2016/11/30, 按时交货,货品2,拒货,华东,6.0,"114,80元"
178,P182916,10,2016/7/30,2016/9/30, 按时交货,货品5,质量合格,泰国,1.0,"392,14元"
179,P183648,10,2016/11/30,2017/1/30, 按时交货,货品2,拒货,华东,2.0,"1,57元"
180,P183648,20,2016/11/30,2017/1/30, 按时交货,货品2,返修,华东,2.0,"104,42元"
181,P183742,20,2016/7/15,2016/10/15, 按时交货,货品2,返修,华东,1.0,"3818,00元"
182,P183790,10,2016/7/30,2016/9/30, 按时交货,货品5,质量合格,泰国,1.0,"46,82元"
183,P183790,20,2016/7/30,2016/9/30, 按时交货,货品5,质量合格,泰国,3.0,"63,41元"
184,P183956,10,2016/8/15,2016/11/15, 按时交货,货品6,质量合格,马来西亚,1.0,"1141,36元"
185,P184524,10,2016/7/15,2016/10/15, 按时交货,货品2,返修,华东,1.0,"87,03元"
186,P184529,10,2016/8/15,2016/11/15, 按时交货,货品5,拒货,泰国,108.0,"140,21元"
187,P184529,20,2016/8/15,2016/11/15, 按时交货,货品5,返修,泰国,108.0,"140,21元"
188,P184532,10,2016/8/15,2016/11/15, 按时交货,货品2,返修,华东,24.0,"311,57元"
189,P184532,20,2016/8/15,2016/11/15, 按时交货,货品2,拒货,华东,24.0,"311,57元"
190,P184547,10,2016/7/5,2016/10/5, 按时交货,货品3,返修,华北,1260.0,"342,93元"
191,P184577,10,2016/7/30,2016/9/30, 按时交货,货品6,返修,马来西亚,6.0,"397,15元"
192,P184577,20,2016/7/30,2016/9/30, 按时交货,货品6,质量合格,马来西亚,6.0,"935,67元"
193,P185334,10,2016/7/30,2016/9/30, 按时交货,货品6,质量合格,马来西亚,1.0,"30,17元"
194,P185338,10,2016/7/30,2016/9/30, 按时交货,货品6,质量合格,马来西亚,10.0,"63,14元"
195,P185347,10,2016/7/30,2016/9/30, 按时交货,货品5,质量合格,泰国,10.0,"96,54元"
196,P185372,10,2016/7/30,2016/9/30, 按时交货,货品5,质量合格,泰国,5.0,"339,82元"
197,P186240,10,2016/12/30,2017/2/28, 按时交货,货品2,拒货,华东,2.0,"1438,86元"
198,P186240,20,2016/12/30,2017/2/28, 按时交货,货品2,拒货,华东,2.0,"1791,67元"
199,P186293,10,2016/7/30,2016/9/30, 按时交货,货品6,质量合格,马来西亚,1.0,"29,98元"
200,P186308,10,2016/9/9,2016/12/9, 按时交货,货品3,质量合格,华北,400.0,"282,88元"
201,P186432,10,2016/9/6,2016/12/6, 晚交货,货品2,拒货,华东,1.0,"23715,31元"
202,P186463,10,2016/7/27,2016/9/27, 按时交货,货品3,返修,华北,100.0,"94,02元"
203,P186522,10,2016/8/30,2016/10/30, 按时交货,货品2,返修,华东,268.0,"20,44元"
204,P186522,20,2016/8/30,2016/10/30, 按时交货,货品2,拒货,华东,268.0,"20,44元"
205,P187216,10,2016/7/15,2016/10/15, 按时交货,货品2,拒货,华东,80.0,"142,65元"
206,P187230,10,2016/10/30,2016/12/30, 按时交货,货品2,质量合格,华东,2.0,"1374,73元"
207,P187241,10,2016/7/30,2016/9/30, 按时交货,货品1,质量合格,华北,1.0,"3528,65元"
208,P187332,10,2016/10/1,2016/11/30, 按时交货,货品5,拒货,泰国,1.0,"396,24元"
209,P187346,10,2016/7/9,2016/10/9, 按时交货,货品2,返修,华东,2.0,"2,75元"
210,P187379,10,2016/7/25,2016/9/25, 按时交货,货品3,质量合格,华北,12.0,"9,14元"
211,P187396,10,2016/12/30,2017/2/28, 按时交货,货品3,质量合格,华北,4.0,"27,43元"
212,P187396,20,2016/12/30,2017/2/28, 按时交货,货品3,返修,华北,2.0,"128,93元"
213,P188071,10,2016/7/30,2016/9/30, 按时交货,货品3,拒货,华北,5.0,"45,62元"
214,P188074,10,2016/7/10,2016/10/10, 按时交货,货品2,质量合格,华东,2.0,"320,23元"
215,P188074,20,2016/7/10,2016/10/10, 按时交货,货品2,质量合格,华东,2.0,"320,23元"
216,P188157,10,2016/7/30,2016/9/30, 按时交货,货品6,质量合格,马来西亚,1.0,"84,72元"
217,P188200,10,2016/7/30,2016/9/30, 按时交货,货品3,返修,华北,1.0,"2517,52元"
218,P188745,10,2016/7/15,2016/10/15, 按时交货,货品2,质量合格,华东,16.0,"3059,70元"
219,P188753,10,2016/7/30,2016/9/30, 按时交货,货品6,质量合格,马来西亚,1.0,"31,95元"
220,P188755,10,2016/8/15,2016/11/15, 按时交货,货品2,质量合格,华东,1.0,"717,77元"
221,P188799,10,2016/9/30,2016/11/30, 按时交货,货品3,质量合格,华北,168.0,"110,09元"
222,P188799,20,2016/9/30,2016/11/30, 按时交货,货品3,质量合格,华北,18.0,"16,46元"
223,P189459,10,2016/9/9,2016/12/9, 按时交货,货品3,质量合格,华北,8.0,"9,12元"
224,P189459,20,2016/9/9,2016/12/9, 按时交货,货品3,质量合格,华北,8.0,"9,12元"
225,P189594,10,2016/7/25,2016/9/25, 按时交货,货品2,拒货,华东,1.0,"363,62元"
226,P189689,10,2016/7/30,2016/9/30, 按时交货,货品2,返修,华东,1.0,"97,47元"
227,P190212,10,2016/7/11,2016/10/11, 按时交货,货品5,返修,泰国,2.0,"108,56元"
228,P190354,10,2016/8/31,2016/10/31, 按时交货,货品6,质量合格,马来西亚,50.0,"5,46元"
229,P190354,20,2016/8/31,2016/10/31, 按时交货,货品6,质量合格,马来西亚,50.0,"38,85元"
230,P190421,10,2016/7/30,2016/9/30, 按时交货,货品6,质量合格,马来西亚,10.0,"29,24元"
231,P191037,20,2016/8/30,2016/10/30, 按时交货,货品5,质量合格,泰国,1.0,"150,70元"
232,P191042,10,2016/8/29,2016/10/29, 按时交货,货品2,质量合格,华东,1.0,"554,59元"
233,P191043,10,2016/8/29,2016/10/29, 按时交货,货品2,返修,华东,1.0,"554,59元"
234,P191053,10,2016/7/30,2016/9/30, 按时交货,货品6,质量合格,马来西亚,30.0,"45,61元"
235,P191078,10,2016/7/30,2016/9/30, 按时交货,货品6,质量合格,马来西亚,1.0,"45,61元"
236,P191107,10,2016/7/15,2016/10/15, 按时交货,货品6,质量合格,马来西亚,1.0,"58,68元"
237,P191298,10,2016/7/30,2016/9/30, 按时交货,货品3,质量合格,华北,1.0,"121,62元"
238,P191298,20,2016/7/30,2016/9/30, 按时交货,货品3,质量合格,华北,1.0,"144,43元"
239,P191330,10,2016/8/15,2016/11/15, 按时交货,货品3,质量合格,华北,1.0,"255,41元"
240,P192017,10,2016/7/30,2016/9/30, 按时交货,货品6,质量合格,马来西亚,1.0,"69,61元"
241,P192142,10,2016/7/16,2016/10/16, 按时交货,货品6,质量合格,马来西亚,2.0,"1428,40元"
242,P192142,20,2016/7/16,2016/10/16, 按时交货,货品6,质量合格,马来西亚,1.0,"753,16元"
243,P192191,10,2016/7/30,2016/9/30, 按时交货,货品5,质量合格,泰国,50.0,"76,22元"
244,P192191,20,2016/7/30,2016/9/30, 按时交货,货品5,质量合格,泰国,5.0,"78,89元"
245,P192214,10,2016/7/30,2016/9/30, 按时交货,货品5,返修,泰国,20.0,"109,08元"
246,P192464,10,2016/7/30,2016/9/30, 按时交货,货品2,质量合格,华东,1.0,"2508,67元"
247,P192809,10,2016/7/30,2016/9/30, 按时交货,货品6,质量合格,马来西亚,20.0,"66,96元"
248,P192809,20,2016/7/30,2016/9/30, 按时交货,货品6,质量合格,马来西亚,2.0,"6,70元"
249,P192854,10,2016/7/30,2016/9/30, 按时交货,货品3,拒货,华北,2.0,"73,62元"
250,P192857,10,2016/7/15,2016/10/15, 按时交货,货品6,质量合格,马来西亚,5.0,"17,90元"
251,P192857,20,2016/7/15,2016/10/15, 按时交货,货品6,质量合格,马来西亚,5.0,"31,32元"
252,P192879,10,2016/8/25,2016/10/25, 晚交货,货品4,返修,西北,1.0,"485,46元"
253,P192954,30,2016/7/30,2016/9/30, 按时交货,货品2,质量合格,华东,4.0,"222,15元"
254,P193041,10,2016/9/10,2016/12/10, 按时交货,货品2,质量合格,华东,268.0,"191,31元"
255,P193041,20,2016/9/10,2016/12/10, 按时交货,货品2,质量合格,华东,268.0,"191,31元"
256,P193600,10,2016/7/20,2016/10/20, 晚交货,货品2,拒货,华东,1.0,"70,73元"
257,P193601,10,2016/8/25,2016/10/25, 按时交货,货品2,质量合格,华东,1.0,"1635,62元"
258,P193601,20,2016/8/25,2016/10/25, 按时交货,货品2,质量合格,华东,5.0,"73,03元"
259,P193603,10,2016/8/20,2016/11/20, 按时交货,货品2,质量合格,华东,4.0,"78,72元"
260,P193603,20,2016/8/20,2016/11/20, 按时交货,货品2,质量合格,华东,4.0,"78,72元"
261,P193605,10,2016/8/15,2016/11/15, 按时交货,货品2,质量合格,华东,4.0,"78,72元"
262,P193605,20,2016/8/15,2016/11/15, 按时交货,货品2,质量合格,华东,4.0,"78,72元"
263,P193621,10,2016/7/30,2016/9/30, 按时交货,货品5,质量合格,泰国,500.0,"378,75元"
264,P193623,10,2016/7/30,2016/9/30, 按时交货,货品6,质量合格,马来西亚,7.0,"56,88元"
265,P193626,10,2016/7/30,2016/9/30, 晚交货,货品4,返修,西北,350.0,"473,80元"
266,P193626,20,2016/7/30,2016/9/30, 晚交货,货品4,返修,西北,40.0,"7,29元"
267,P193655,10,2016/7/30,2016/9/30, 按时交货,货品6,质量合格,马来西亚,294.0,"732,98元"
268,P193655,20,2016/7/30,2016/9/30, 按时交货,货品6,质量合格,马来西亚,276.0,"514,51元"
269,P193657,10,2016/7/30,2016/9/30, 按时交货,货品2,拒货,华东,5.0,"20,83元"
270,P193657,20,2016/7/30,2016/9/30, 按时交货,货品2,拒货,华东,30.0,"50,76元"
271,P193678,10,2016/8/20,2016/11/20, 按时交货,货品2,质量合格,华东,4.0,"19,80元"
272,P193678,20,2016/8/20,2016/11/20, 按时交货,货品2,质量合格,华东,4.0,"19,80元"
273,P193716,10,2016/10/30,2016/12/30, 按时交货,货品2,质量合格,华东,1.0,"693,39元"
274,P193749,10,2016/7/30,2016/9/30, 按时交货,货品5,质量合格,泰国,1.0,"141,63元"
275,P193787,10,2016/7/30,2016/9/30, 按时交货,货品6,质量合格,马来西亚,1.0,"35,03元"
276,P193787,20,2016/7/30,2016/9/30, 按时交货,货品6,质量合格,马来西亚,1.0,"35,03元"
277,P193848,10,2016/8/6,2016/11/6, 按时交货,货品1,返修,华北,704.0,"2846,73元"
278,P193848,20,2016/8/6,2016/11/6, 按时交货,货品1,返修,华北,704.0,"2654,18元"
279,P193866,10,2016/11/15,2017/2/15, 按时交货,货品6,质量合格,马来西亚,200.0,"697,82元"
280,P193866,20,2016/11/15,2017/2/15, 按时交货,货品6,质量合格,马来西亚,110.0,"326,14元"
281,P193877,10,2016/9/15,2016/12/15, 按时交货,货品1,返修,华北,704.0,"2846,73元"
282,P193877,20,2016/9/15,2016/12/15, 按时交货,货品1,返修,华北,704.0,"2654,18元"
283,P194443,30,2016/10/10,2017/1/10, 按时交货,货品1,返修,华北,1.0,"13014,26元"
284,P194443,70,2016/10/10,2017/1/10, 按时交货,货品1,返修,华北,1.0,"10546,64元"
285,P194452,10,2016/7/29,2016/9/29, 按时交货,货品6,质量合格,马来西亚,2.0,"61,90元"
286,P194453,10,2016/7/15,2016/10/15, 按时交货,货品6,质量合格,马来西亚,5.0,"90,48元"
287,P194577,10,2016/9/15,2016/12/15, 按时交货,货品2,质量合格,华东,2.0,"121,73元"
288,P194579,10,2016/8/15,2016/11/15, 按时交货,货品2,质量合格,华东,2.0,"121,73元"
289,P194590,10,2016/7/30,2016/9/30, 按时交货,货品6,质量合格,马来西亚,500.0,"46,33元"
290,P194657,10,2016/7/29,2016/9/29, 按时交货,货品6,质量合格,马来西亚,2.0,"1,82元"
291,P194689,10,2016/7/30,2016/9/30, 按时交货,货品2,质量合格,华东,1.0,"289,10元"
292,P194756,20,2016/8/15,2016/11/15, 按时交货,货品2,返修,华东,15.0,"97,54元"
293,P194756,30,2016/8/15,2016/11/15, 按时交货,货品2,返修,华东,2.0,"4,38元"
294,P194764,10,2016/7/15,2016/10/15, 按时交货,货品3,质量合格,华北,1.0,"408,53元"
295,P195344,10,2016/7/15,2016/10/15, 晚交货,货品4,返修,西北,12.0,"658,68元"
296,P195347,10,2016/7/1,2016/10/1, 按时交货,货品2,质量合格,华东,2.0,"5,18元"
297,P195347,20,2016/7/1,2016/10/1, 按时交货,货品2,质量合格,华东,2.0,"5,63元"
298,P195354,10,2016/7/15,2016/10/15, 按时交货,货品6,质量合格,马来西亚,2.0,"24,73元"
299,P195356,10,2016/7/30,2016/9/30, 按时交货,货品5,返修,泰国,4.0,"51,70元"
300,P195356,20,2016/7/30,2016/9/30, 按时交货,货品5,返修,泰国,4.0,"51,70元"
301,P195359,10,2016/12/15,2017/3/15, 按时交货,货品1,返修,华北,1.0,"16758,17元"
302,P195359,10,2016/11/22,2017/2/22, 晚交货,货品1,返修,华北,1.0,"16758,17元"
303,P195471,10,2016/7/30,2016/9/30, 按时交货,货品3,质量合格,华北,1.0,"7,80元"
304,P195517,10,2016/7/30,2016/9/30, 按时交货,货品2,拒货,华东,12.0,"54,81元"
305,P195517,20,2016/7/30,2016/9/30, 按时交货,货品2,拒货,华东,1.0,"15,99元"
306,P195537,10,2016/8/10,2016/11/10, 按时交货,货品6,质量合格,马来西亚,1.0,"1009,93元"
307,P197569,10,2016/7/15,2016/10/15, 按时交货,货品3,质量合格,华北,1.0,"38,73元"
308,P197573,10,2016/9/9,2016/12/9, 按时交货,货品2,返修,华东,200.0,"36,89元"
309,P197573,20,2016/9/9,2016/12/9, 按时交货,货品2,返修,华东,200.0,"73,05元"
310,P197578,10,2016/7/30,2016/9/30, 按时交货,货品6,质量合格,马来西亚,2.0,"10,55元"
311,P197578,20,2016/7/30,2016/9/30, 按时交货,货品6,质量合格,马来西亚,1.0,"8,47元"
312,P197591,40,2016/7/7,2016/10/7, 按时交货,货品2,质量合格,华东,1.0,"9,90元"
313,P197591,50,2016/7/7,2016/10/7, 按时交货,货品2,质量合格,华东,10.0,"44,30元"
314,P197594,10,2016/7/30,2016/9/30, 按时交货,货品2,质量合格,华东,60.0,"45,34元"
315,P197642,10,2016/11/10,2017/2/10, 按时交货,货品2,质量合格,华东,2.0,"570,76元"
316,P197642,20,2016/10/9,2017/1/9, 按时交货,货品2,质量合格,华东,2.0,"570,76元"
317,P197650,10,2016/8/30,2016/10/30, 按时交货,货品2,质量合格,华东,268.0,"20,35元"
318,P197650,20,2016/8/30,2016/10/30, 按时交货,货品2,质量合格,华东,268.0,"20,35元"
319,P197654,10,2016/7/30,2016/9/30, 按时交货,货品3,拒货,华北,1.0,"73,52元"
320,P197656,10,2016/7/30,2016/9/30, 按时交货,货品3,质量合格,华北,1.0,"235,17元"
321,P197683,10,2016/7/30,2016/9/30, 按时交货,货品3,拒货,华北,1.0,"75,92元"
322,P197684,10,2016/9/15,2016/12/15, 按时交货,货品2,质量合格,华东,1.0,"512,46元"
323,P197684,20,2016/9/15,2016/12/15, 按时交货,货品2,质量合格,华东,1.0,"512,46元"
324,P197694,10,2016/9/20,2016/12/20, 按时交货,货品2,拒货,华东,4.0,"59,83元"
325,P197834,10,2016/11/14,2017/2/14, 按时交货,货品1,返修,华北,1.0,"3921,26元"
326,P198593,10,2016/10/30,2016/12/30, 按时交货,货品2,返修,华东,8600.0,"3012,88元"
327,P198593,20,2016/10/30,2016/12/30, 按时交货,货品2,返修,华东,4400.0,"1541,47元"
328,P198615,10,2016/7/19,2016/10/19, 按时交货,货品3,质量合格,华北,300.0,"280,50元"
329,P198692,10,2016/10/26,2016/12/26, 按时交货,货品5,质量合格,泰国,1.0,"226,84元"
330,P198931,10,2016/9/30,2016/11/30, 按时交货,货品3,质量合格,华北,1.0,"1491,15元"
331,P198931,20,2016/9/30,2016/11/30, 按时交货,货品3,质量合格,华北,1.0,"1491,15元"
332,P199483,10,2016/8/30,2016/10/30, 按时交货,货品3,质量合格,华北,3.0,"31,17元"
333,P199534,10,2016/11/15,2017/2/15, 按时交货,货品2,质量合格,华东,2.0,"1489,11元"
334,P199534,20,2016/11/15,2017/2/15, 按时交货,货品2,质量合格,华东,2.0,"1489,11元"
335,P199591,10,2016/8/20,2016/11/20, 按时交货,货品3,质量合格,华北,6.0,"3,92元"
336,P199660,10,2016/8/31,2016/10/31, 按时交货,货品5,质量合格,泰国,1.0,"296,30元"
337,P199757,10,2016/7/15,2016/10/15, 按时交货,货品2,质量合格,华东,1.0,"38,33元"
338,P200357,10,2016/8/15,2016/11/15, 晚交货,货品4,返修,西北,20.0,"592,18元"
339,P200365,10,2016/7/15,2016/10/15, 按时交货,货品6,质量合格,马来西亚,1.0,"7,27元"
340,P200365,20,2016/7/15,2016/10/15, 按时交货,货品6,质量合格,马来西亚,20.0,"66,96元"
341,P200397,10,2016/7/15,2016/10/15, 按时交货,货品5,质量合格,泰国,4.0,"129,78元"
342,P200404,10,2016/7/15,2016/10/15, 按时交货,货品6,质量合格,马来西亚,5.0,"71,38元"
343,P200407,50,2016/8/31,2016/10/31, 按时交货,货品6,质量合格,马来西亚,7.0,"1,82元"
344,P200407,60,2016/8/31,2016/10/31, 按时交货,货品6,质量合格,马来西亚,7.0,"8,05元"
345,P200634,10,2016/7/30,2016/9/30, 按时交货,货品5,质量合格,泰国,34.0,"100,72元"
346,P200634,20,2016/7/30,2016/9/30, 按时交货,货品5,质量合格,泰国,16.0,"87,46元"
347,P200704,10,2016/7/25,2016/9/25, 按时交货,货品2,返修,华东,1.0,"3114,67元"
348,P200704,20,2016/7/25,2016/9/25, 按时交货,货品2,返修,华东,1.0,"648,89元"
349,P201337,10,2016/7/30,2016/9/30, 按时交货,货品2,质量合格,华东,1.0,"246,40元"
350,P201354,10,2016/7/30,2016/9/30, 按时交货,货品2,质量合格,华东,1.0,"596,55元"
351,P201413,10,2016/7/30,2016/9/30, 按时交货,货品2,拒货,华东,150.0,"64,21元"
352,P201413,20,2016/7/30,2016/9/30, 按时交货,货品2,拒货,华东,20.0,"21,79元"
353,P201855,10,2016/8/30,2016/10/30, 按时交货,货品5,质量合格,泰国,1.0,"125,18元"
354,P202374,10,2016/8/31,2016/10/31, 按时交货,货品6,质量合格,马来西亚,1.0,"7,39元"
355,P202430,10,2016/8/30,2016/10/30, 按时交货,货品5,质量合格,泰国,1.0,"204,86元"
356,P203009,10,2016/10/20,2017/1/20, 按时交货,货品3,质量合格,华北,1.0,"683,73元"
357,P203009,20,2016/10/20,2017/1/20, 按时交货,货品3,质量合格,华北,1.0,"683,73元"
358,P203021,20,2016/11/9,2017/2/9, 按时交货,货品2,质量合格,华东,1.0,"922,07元"
359,P203021,40,2016/11/9,2017/2/9, 按时交货,货品2,质量合格,华东,1.0,"655,81元"
360,P203031,10,2016/8/15,2016/11/15, 按时交货,货品6,质量合格,马来西亚,1.0,"51,95元"
361,P203034,10,2016/7/15,2016/10/15, 晚交货,货品4,返修,西北,1.0,"474,00元"
362,P203037,10,2016/10/30,2016/12/30, 按时交货,货品3,质量合格,华北,1.0,"439,07元"
363,P203037,20,2016/10/30,2016/12/30, 按时交货,货品3,质量合格,华北,1.0,"439,07元"
364,P203052,10,2016/7/15,2016/10/15, 按时交货,货品6,质量合格,马来西亚,1.0,"29,87元"
365,P203058,10,2016/7/30,2016/9/30, 按时交货,货品2,质量合格,华东,1.0,"20,52元"
366,P203180,10,2016/10/1,2016/11/30, 按时交货,货品2,拒货,华东,4.0,"32,54元"
367,P203180,20,2016/10/1,2016/11/30, 按时交货,货品2,拒货,华东,4.0,"32,54元"
368,P203189,10,2016/7/15,2016/10/15, 按时交货,货品2,拒货,华东,3.0,"58,44元"
369,P203379,10,2016/12/30,2017/2/28, 按时交货,货品2,质量合格,华东,6.0,"680,71元"
370,P203379,20,2016/12/30,2017/2/28, 按时交货,货品2,质量合格,华东,6.0,"680,71元"
371,P203918,10,2016/9/15,2016/12/15, 按时交货,货品5,返修,泰国,1.0,"91,97元"
372,P203918,20,2016/9/9,2016/12/9, 按时交货,货品5,返修,泰国,1.0,"12,16元"
373,P203964,10,2016/8/25,2016/10/25, 按时交货,货品3,质量合格,华北,2.0,"280,64元"
374,P203964,20,2016/8/25,2016/10/25, 按时交货,货品3,质量合格,华北,4.0,"710,86元"
375,P203993,10,2016/7/30,2016/9/30, 按时交货,货品3,质量合格,华北,1.0,"6,24元"
376,P204153,10,2016/7/30,2016/9/30, 按时交货,货品3,质量合格,华北,1.0,"18,06元"
377,P204690,10,2016/9/30,2016/11/30, 按时交货,货品5,质量合格,泰国,1.0,"197,28元"
378,P204690,20,2016/9/30,2016/11/30, 按时交货,货品5,质量合格,泰国,1.0,"197,28元"
379,P204697,10,2016/7/15,2016/10/15, 按时交货,货品2,拒货,华东,1.0,"75,61元"
380,P204855,10,2016/7/30,2016/9/30, 按时交货,货品6,质量合格,马来西亚,1.0,"44,17元"
381,P204891,10,2016/7/30,2016/9/30, 按时交货,货品2,质量合格,华东,1.0,"121,43元"
382,P204932,10,2016/7/30,2016/9/30, 按时交货,货品6,质量合格,马来西亚,1.0,"88,45元"
383,P205318,100,2016/7/15,2016/10/15, 按时交货,货品5,质量合格,泰国,1.0,"203,06元"
384,P205385,10,2016/7/15,2016/10/15, 按时交货,货品6,质量合格,马来西亚,1.0,"1322,31元"
385,P205385,20,2016/7/15,2016/10/15, 按时交货,货品6,质量合格,马来西亚,1.0,"121,59元"
386,P205510,10,2016/9/15,2016/12/15, 按时交货,货品3,质量合格,华北,56.0,"177,54元"
387,P205550,10,2016/7/15,2016/10/15, 按时交货,货品3,质量合格,华北,20.0,"38,71元"
388,P205550,20,2016/7/15,2016/10/15, 按时交货,货品3,质量合格,华北,2.0,"6,45元"
389,P205554,30,2016/8/25,2016/10/25, 按时交货,货品3,质量合格,华北,1.0,"45,16元"
390,P205661,10,2016/8/25,2016/10/25, 按时交货,货品3,质量合格,华北,1.0,"1126,30元"
391,P206306,10,2016/8/30,2016/10/30, 按时交货,货品5,质量合格,泰国,4.0,"149,14元"
392,P206310,10,2016/8/31,2016/10/31, 按时交货,货品6,质量合格,马来西亚,1.0,"48,86元"
393,P206328,10,2016/8/31,2016/10/31, 按时交货,货品6,质量合格,马来西亚,2.0,"33,43元"
394,P206342,10,2016/9/15,2016/12/15, 按时交货,货品2,质量合格,华东,1.0,"36,94元"
395,P206382,10,2016/8/31,2016/10/31, 按时交货,货品6,质量合格,马来西亚,2.0,"18,05元"
396,P206382,20,2016/8/31,2016/10/31, 按时交货,货品6,质量合格,马来西亚,50.0,"76,40元"
397,P206408,10,2016/8/31,2016/10/31, 按时交货,货品6,质量合格,马来西亚,3.0,"61,00元"
398,P206458,10,2016/7/15,2016/10/15, 按时交货,货品6,质量合格,马来西亚,10.0,"3,01元"
399,P206458,20,2016/7/15,2016/10/15, 按时交货,货品6,质量合格,马来西亚,10.0,"3,01元"
400,P206613,10,2016/7/4,2016/10/4, 按时交货,货品2,质量合格,华东,1.0,"65,74元"
401,P206613,20,2016/7/4,2016/10/4, 按时交货,货品2,质量合格,华东,1.0,"156,06元"
402,P207215,10,2016/7/20,2016/10/20, 按时交货,货品2,拒货,华东,1.0,"0,78元"
403,P207215,20,2016/7/20,2016/10/20, 按时交货,货品2,拒货,华东,1.0,"1,28元"
404,P207476,10,2016/8/31,2016/10/31, 按时交货,货品3,质量合格,华北,1.0,"1557,05元"
405,P207490,10,2016/7/15,2016/10/15, 按时交货,货品3,质量合格,华北,1.0,"170,42元"
406,P207501,10,2016/7/15,2016/10/15, 按时交货,货品3,返修,华北,1.0,"111,69元"
407,P207550,10,2016/7/22,2016/10/22, 按时交货,货品2,质量合格,华东,10.0,"385,74元"
408,P207772,10,2016/8/30,2016/10/30, 按时交货,货品6,质量合格,马来西亚,16.0,"1211,04元"
409,P207780,10,2016/8/30,2016/10/30, 按时交货,货品6,质量合格,马来西亚,9.0,"37,61元"
410,P208171,10,2016/7/15,2016/10/15, 按时交货,货品6,质量合格,马来西亚,1.0,"3,09元"
411,P208171,20,2016/7/15,2016/10/15, 按时交货,货品6,质量合格,马来西亚,1.0,"5,79元"
412,P208198,10,2016/7/15,2016/10/15, 按时交货,货品3,质量合格,华北,1.0,"45,16元"
413,P208368,10,2016/7/11,2016/10/11, 按时交货,货品3,质量合格,华北,15.0,"134,50元"
414,P208443,10,2016/8/31,2016/10/31, 按时交货,货品6,质量合格,马来西亚,2.0,"63,00元"
415,P208470,10,2016/8/30,2016/10/30, 按时交货,货品5,返修,泰国,1.0,"102,92元"
416,P208503,10,2016/9/30,2016/11/30, 按时交货,货品3,质量合格,华北,1.0,"832,38元"
417,P208503,20,2016/9/30,2016/11/30, 按时交货,货品3,质量合格,华北,1.0,"832,38元"
418,P209015,10,2016/7/15,2016/10/15, 按时交货,货品3,返修,华北,1.0,"75,27元"
419,P209015,20,2016/7/15,2016/10/15, 按时交货,货品3,返修,华北,1.0,"38,88元"
420,P209060,10,2016/7/15,2016/10/15, 按时交货,货品6,质量合格,马来西亚,200.0,"30,89元"
421,P209099,10,2016/11/10,2017/2/10, 按时交货,货品2,返修,华东,1.0,"3208,48元"
422,P209099,20,2016/11/10,2017/2/10, 按时交货,货品2,返修,华东,1.0,"2797,70元"
423,P209100,10,2016/10/30,2016/12/30, 按时交货,货品2,质量合格,华东,1.0,"435,03元"
424,P209100,20,2016/10/30,2016/12/30, 按时交货,货品2,质量合格,华东,1.0,"2797,70元"
425,P209104,10,2016/7/14,2016/10/14, 按时交货,货品3,质量合格,华北,16.5,"44,56元"
426,P209210,10,2016/10/30,2016/12/30, 按时交货,货品6,质量合格,马来西亚,1.0,"978,45元"
427,P209210,20,2016/10/30,2016/12/30, 按时交货,货品6,质量合格,马来西亚,1.0,"978,45元"
428,P209277,10,2016/10/1,2016/11/30, 晚交货,货品4,返修,西北,1.0,"234,83元"
429,P209277,20,2016/10/1,2016/11/30, 晚交货,货品4,返修,西北,1.0,"234,83元"
430,P209299,10,2016/7/15,2016/10/15, 按时交货,货品6,质量合格,马来西亚,1.0,"27,10元"
431,P209301,10,2016/8/31,2016/10/31, 按时交货,货品5,质量合格,泰国,15.0,"144,84元"
432,P209322,10,2016/10/1,2016/11/30, 按时交货,货品5,质量合格,泰国,1.0,"98,02元"
433,P209322,20,2016/10/1,2016/11/30, 按时交货,货品5,质量合格,泰国,1.0,"98,02元"
434,P209922,10,2016/7/20,2016/10/20, 按时交货,货品2,质量合格,华东,1.0,"256,84元"
435,P209926,10,2016/10/12,2017/1/12, 按时交货,货品6,质量合格,马来西亚,920.0,"699,81元"
436,P209926,20,2016/10/12,2017/1/12, 按时交货,货品6,质量合格,马来西亚,920.0,"685,34元"
437,P209971,10,2016/8/7,2016/11/7, 按时交货,货品3,质量合格,华北,2.0,"43,66元"
438,P210191,10,2016/8/31,2016/10/31, 按时交货,货品2,质量合格,华东,1.0,"233,86元"
439,P210746,10,2016/7/15,2016/10/15, 按时交货,货品2,拒货,华东,5.0,"76,95元"
440,P210782,10,2016/8/15,2016/11/15, 按时交货,货品6,质量合格,马来西亚,200.0,"47,72元"
441,P210793,10,2016/11/15,2017/2/15, 按时交货,货品2,质量合格,华东,4.0,"1119,84元"
442,P210795,10,2016/8/31,2016/10/31, 按时交货,货品5,质量合格,泰国,4.0,"128,25元"
443,P210854,10,2016/8/31,2016/10/31, 晚交货,货品4,返修,西北,2.0,"404,51元"
444,P210854,20,2016/8/31,2016/10/31, 晚交货,货品4,返修,西北,2.0,"404,51元"
445,P210856,10,2016/8/31,2016/10/31, 按时交货,货品5,质量合格,泰国,1.0,"67,97元"
446,P210856,20,2016/8/31,2016/10/31, 按时交货,货品5,质量合格,泰国,1.0,"67,97元"
447,P210870,10,2016/8/31,2016/10/31, 按时交货,货品5,质量合格,泰国,500.0,"222,22元"
448,P210882,10,2016/8/31,2016/10/31, 晚交货,货品4,返修,西北,400.0,"533,52元"
449,P210882,20,2016/8/31,2016/10/31, 晚交货,货品4,返修,西北,100.0,"17,95元"
450,P210915,10,2016/8/31,2016/10/31, 按时交货,货品6,质量合格,马来西亚,20.0,"61,56元"
451,P210922,10,2016/7/11,2016/10/11, 按时交货,货品6,质量合格,马来西亚,1.0,"12,45元"
452,P210959,10,2016/7/15,2016/10/15, 按时交货,货品6,质量合格,马来西亚,7.0,"90,03元"
453,P210993,10,2016/8/31,2016/10/31, 晚交货,货品4,返修,西北,150.0,"52,71元"
454,P210993,20,2016/8/31,2016/10/31, 晚交货,货品4,返修,西北,500.0,"373,17元"
455,P211477,30,2016/7/15,2016/10/15, 按时交货,货品2,质量合格,华东,1.0,"335,64元"
456,P211477,40,2016/7/15,2016/10/15, 按时交货,货品2,质量合格,华东,1.0,"322,18元"
457,P211539,10,2016/8/20,2016/11/20, 按时交货,货品3,质量合格,华北,848.0,"803,40元"
458,P211539,20,2016/8/20,2016/11/20, 按时交货,货品3,质量合格,华北,2.0,"21,18元"
459,P211662,10,2016/8/30,2016/10/30, 按时交货,货品5,质量合格,泰国,1.0,"293,71元"
460,P211679,10,2016/10/1,2016/11/30, 按时交货,货品3,质量合格,华北,1.0,"263,75元"
461,P211679,20,2016/10/1,2016/11/30, 按时交货,货品3,质量合格,华北,1.0,"263,75元"
462,P212306,10,2016/10/1,2016/11/30, 按时交货,货品6,质量合格,马来西亚,1.0,"29,40元"
463,P212306,20,2016/10/1,2016/11/30, 按时交货,货品6,质量合格,马来西亚,1.0,"12,78元"
464,P212315,10,2016/10/1,2016/11/30, 按时交货,货品6,质量合格,马来西亚,1.0,"6,92元"
465,P212315,20,2016/10/1,2016/11/30, 按时交货,货品6,质量合格,马来西亚,1.0,"6,92元"
466,P212349,10,2016/8/31,2016/10/31, 按时交货,货品5,返修,泰国,1.0,"105,79元"
467,P212360,10,2016/7/20,2016/10/20, 晚交货,货品2,质量合格,华东,1.0,"159,77元"
468,P212380,10,2016/8/31,2016/10/31, 按时交货,货品6,质量合格,马来西亚,1.0,"28,86元"
469,P212380,20,2016/8/31,2016/10/31, 按时交货,货品6,拒货,马来西亚,1.0,"28,86元"
470,P212382,20,2016/10/25,2016/12/25, 按时交货,货品3,质量合格,华北,12.0,"453,22元"
471,P212382,30,2016/10/25,2016/12/25, 按时交货,货品3,质量合格,华北,12.0,"204,91元"
472,P212400,20,2016/8/29,2016/10/29, 按时交货,货品6,质量合格,马来西亚,1.0,"31,95元"
473,P212400,30,2016/8/29,2016/10/29, 按时交货,货品6,质量合格,马来西亚,1.0,"3,32元"
474,P212422,10,2016/8/31,2016/10/31, 按时交货,货品5,拒货,泰国,5.0,"30,91元"
475,P212422,20,2016/8/31,2016/10/31, 按时交货,货品5,拒货,泰国,10.0,"64,15元"
476,P212486,10,2016/8/29,2016/10/29, 按时交货,货品3,质量合格,华北,1.0,"19,81元"
477,P212493,10,2016/8/31,2016/10/31, 按时交货,货品6,质量合格,马来西亚,1.0,"24,13元"
478,P212505,10,2016/8/29,2016/10/29, 按时交货,货品3,质量合格,华北,12.0,"7,90元"
479,P212539,10,2016/9/15,2016/12/15, 按时交货,货品6,拒货,马来西亚,2.0,"12,53元"
480,P212539,20,2016/9/15,2016/12/15, 按时交货,货品6,拒货,马来西亚,2.0,"51,64元"
481,P212589,10,2016/7/20,2016/10/20, 按时交货,货品2,质量合格,华东,28.0,"5,03元"
482,P213151,10,2016/8/31,2016/10/31, 按时交货,货品5,返修,泰国,1.0,"101,91元"
483,P213155,10,2016/8/31,2016/10/31, 按时交货,货品6,质量合格,马来西亚,4.0,"31,42元"
484,P213214,10,2016/8/31,2016/10/31, 按时交货,货品6,质量合格,马来西亚,1.0,"1301,87元"
485,P213256,10,2016/8/31,2016/10/31, 按时交货,货品6,拒货,马来西亚,1.0,"69,68元"
486,P213310,10,2016/8/15,2016/11/15, 按时交货,货品6,质量合格,马来西亚,3.0,"34,79元"
487,P213332,10,2016/8/15,2016/11/15, 按时交货,货品5,质量合格,泰国,1.0,"187,05元"
488,P213332,20,2016/8/15,2016/11/15, 按时交货,货品5,质量合格,泰国,1.0,"187,05元"
489,P213366,10,2016/8/29,2016/10/29, 按时交货,货品2,质量合格,华东,14.0,"15,40元"
490,P213366,20,2016/8/29,2016/10/29, 按时交货,货品2,质量合格,华东,15.0,"35,47元"
491,P213423,10,2016/10/15,2017/1/15, 按时交货,货品2,返修,华东,5300.0,"1832,04元"
492,P213423,20,2016/10/15,2017/1/15, 按时交货,货品2,返修,华东,9500.0,"3283,85元"
493,P213435,10,2016/8/29,2016/10/29, 晚交货,货品4,返修,西北,1.0,"486,01元"
494,P214052,10,2016/8/31,2016/10/31, 按时交货,货品6,质量合格,马来西亚,221.0,"286,29元"
495,P214052,20,2016/8/31,2016/10/31, 按时交货,货品6,质量合格,马来西亚,269.0,"758,78元"
496,P214053,10,2016/8/31,2016/10/31, 按时交货,货品5,拒货,泰国,1.0,"94,86元"
497,P214054,10,2016/9/8,2016/12/8, 按时交货,货品3,质量合格,华北,4.0,"125,57元"
498,P214160,10,2016/8/15,2016/11/15, 按时交货,货品5,质量合格,泰国,2.0,"47,86元"
499,P214160,20,2016/8/15,2016/11/15, 按时交货,货品5,质量合格,泰国,2.0,"478,62元"
500,P214343,10,2016/8/28,2016/10/28, 按时交货,货品2,质量合格,华东,1.0,"184,09元"
501,P214830,10,2016/8/15,2016/11/15, 按时交货,货品6,质量合格,马来西亚,1.0,"547,75元"
502,P214830,20,2016/8/15,2016/11/15, 按时交货,货品6,质量合格,马来西亚,1.0,"572,66元"
503,P214836,10,2016/8/31,2016/10/31, 按时交货,货品6,质量合格,马来西亚,30.0,"49,91元"
504,P214838,10,2016/8/31,2016/10/31, 按时交货,货品5,质量合格,泰国,10.0,"210,78元"
505,P214842,10,2016/7/15,2016/10/15, 按时交货,货品6,质量合格,马来西亚,1.0,"1046,22元"
506,P214842,20,2016/7/15,2016/10/15, 按时交货,货品6,质量合格,马来西亚,1.0,"1046,22元"
507,P214862,10,2016/8/31,2016/10/31, 按时交货,货品5,质量合格,泰国,2.0,"267,68元"
508,P214867,10,2016/7/22,2016/10/22, 按时交货,货品2,拒货,华东,1.0,"55,51元"
509,P214878,10,2016/8/31,2016/10/31, 按时交货,货品6,质量合格,马来西亚,16.0,"1403,13元"
510,P214886,10,2016/8/31,2016/10/31, 按时交货,货品6,拒货,马来西亚,1.0,"37,86元"
511,P214886,20,2016/8/31,2016/10/31, 按时交货,货品6,拒货,马来西亚,1.0,"40,05元"
512,P214903,10,2016/8/31,2016/10/31, 按时交货,货品5,质量合格,泰国,1.0,"67,26元"
513,P214903,20,2016/8/31,2016/10/31, 按时交货,货品5,质量合格,泰国,1.0,"56,80元"
514,P215027,10,2016/8/30,2016/10/30, 晚交货,货品4,返修,西北,2.0,"561,97元"
515,P215079,10,2016/8/31,2016/10/31, 按时交货,货品6,质量合格,马来西亚,1.0,"52,31元"
516,P215110,10,2016/8/30,2016/10/30, 按时交货,货品3,拒货,华北,1.0,"63,28元"
517,P215665,10,2016/7/18,2016/10/18, 按时交货,货品6,质量合格,马来西亚,1.0,"14,96元"
518,P215672,20,2016/8/31,2016/10/31, 按时交货,货品6,质量合格,马来西亚,1.0,"1047,13元"
519,P215713,10,2016/9/20,2016/12/20, 晚交货,货品3,质量合格,华北,1.0,"3412,98元"
520,P215719,10,2016/10/30,2016/12/30, 按时交货,货品3,返修,华北,1.0,"3412,98元"
521,P215813,10,2016/8/31,2016/10/31, 按时交货,货品5,质量合格,泰国,4.0,"161,94元"
522,P215813,20,2016/8/31,2016/10/31, 按时交货,货品5,质量合格,泰国,4.0,"161,94元"
523,P215866,10,2016/8/31,2016/10/31, 按时交货,货品6,拒货,马来西亚,2.0,"65,49元"
524,P215916,10,2016/8/31,2016/10/31, 按时交货,货品5,质量合格,泰国,5.0,"119,67元"
525,P216020,10,2016/8/26,2016/10/26, 按时交货,货品2,返修,华东,1.0,"3068,51元"
526,P216020,20,2016/8/26,2016/10/26, 按时交货,货品2,返修,华东,1.0,"639,27元"
527,P216522,10,2016/9/26,2016/11/26, 按时交货,货品2,返修,华东,1.0,"3066,05元"
528,P216522,20,2016/9/26,2016/11/26, 按时交货,货品2,返修,华东,1.0,"638,76元"
529,P216532,10,2016/9/18,2016/12/18, 按时交货,货品2,返修,华东,20.0,"30,71元"
530,P216532,20,2016/9/18,2016/12/18, 按时交货,货品1,返修,华北,1.0,"3659,50元"
531,P216538,10,2016/12/30,2017/2/28, 按时交货,货品1,返修,华北,1.0,"3659,50元"
532,P216538,20,2016/12/30,2017/2/28, 按时交货,货品2,返修,华东,30.0,"46,07元"
533,P216641,10,2016/8/28,2016/10/28, 按时交货,货品3,质量合格,华北,1.0,"39,15元"
534,P216657,40,2016/8/31,2016/10/31, 按时交货,货品2,质量合格,华东,2.0,"10,19元"
535,P216657,50,2016/8/31,2016/10/31, 按时交货,货品2,质量合格,华东,1.0,"5,10元"
536,P216692,10,2016/8/31,2016/10/31, 按时交货,货品6,质量合格,马来西亚,1.0,"24,66元"
537,P216694,10,2016/10/26,2016/12/26, 按时交货,货品3,质量合格,华北,1.0,"388,37元"
538,P216774,10,2016/8/15,2016/11/15, 按时交货,货品6,拒货,马来西亚,1.0,"80,78元"
539,P216790,10,2016/8/15,2016/11/15, 按时交货,货品5,质量合格,泰国,2.0,"53,81元"
540,P216790,20,2016/8/15,2016/11/15, 按时交货,货品5,质量合格,泰国,3.0,"80,71元"
541,P217325,10,2016/8/15,2016/11/15, 按时交货,货品6,质量合格,马来西亚,1.0,"123,57元"
542,P217325,20,2016/8/15,2016/11/15, 按时交货,货品6,质量合格,马来西亚,1.0,"74,05元"
543,P217328,10,2016/8/15,2016/11/15, 按时交货,货品5,质量合格,泰国,2.0,"248,34元"
544,P217344,10,2016/8/15,2016/11/15, 按时交货,货品6,拒货,马来西亚,5.0,"51,15元"
545,P217344,20,2016/8/15,2016/11/15, 按时交货,货品6,拒货,马来西亚,2.0,"20,46元"
546,P217351,10,2016/8/15,2016/11/15, 按时交货,货品6,质量合格,马来西亚,2.0,"14,32元"
547,P217351,20,2016/8/15,2016/11/15, 按时交货,货品6,质量合格,马来西亚,1.0,"21,10元"
548,P218106,10,2016/8/15,2016/11/15, 按时交货,货品6,质量合格,马来西亚,1.0,"11,23元"
549,P218106,20,2016/8/15,2016/11/15, 按时交货,货品6,质量合格,马来西亚,1.0,"11,23元"
550,P218108,10,2016/8/15,2016/11/15, 按时交货,货品3,拒货,华北,1.0,"96,54元"
551,P218111,10,2016/8/15,2016/11/15, 晚交货,货品4,返修,西北,1.0,"336,74元"
552,P218111,20,2016/8/15,2016/11/15, 晚交货,货品4,返修,西北,2.0,"562,72元"
553,P218117,10,2016/10/1,2016/11/30, 按时交货,货品6,质量合格,马来西亚,1.0,"51,18元"
554,P218132,10,2016/8/15,2016/11/15, 按时交货,货品3,质量合格,华北,1.0,"302,85元"
555,P218141,10,2016/11/18,2017/2/18, 按时交货,货品3,质量合格,华北,1.0,"198,80元"
556,P218141,20,2016/11/18,2017/2/18, 按时交货,货品3,质量合格,华北,1.0,"23,81元"
557,P218150,10,2016/11/21,2017/2/21, 按时交货,货品5,质量合格,泰国,2.0,"537,24元"
558,P218160,10,2016/12/6,2017/3/6, 按时交货,货品6,质量合格,马来西亚,2.0,"1,95元"
559,P218160,20,2016/12/6,2017/3/6, 按时交货,货品6,质量合格,马来西亚,2.0,"1,95元"
560,P218163,10,2016/12/10,2017/3/10, 按时交货,货品6,质量合格,马来西亚,2.0,"21,85元"
561,P218163,20,2016/12/10,2017/3/10, 按时交货,货品6,质量合格,马来西亚,2.0,"21,85元"
562,P218167,10,2016/8/30,2016/10/30, 按时交货,货品3,质量合格,华北,1.0,"507,27元"
563,P218910,10,2016/8/15,2016/11/15, 按时交货,货品5,质量合格,泰国,500.0,"220,95元"
564,P218910,20,2016/8/15,2016/11/15, 按时交货,货品5,质量合格,泰国,10.0,"2,55元"
565,P218921,10,2016/10/1,2016/11/30, 按时交货,货品6,拒货,马来西亚,1.0,"81,87元"
566,P218938,10,2016/8/31,2016/10/31, 按时交货,货品6,拒货,马来西亚,1.0,"11,54元"
567,P218938,20,2016/8/31,2016/10/31, 按时交货,货品6,拒货,马来西亚,1.0,"63,48元"
568,P218990,10,2016/8/30,2016/10/30, 按时交货,货品3,拒货,华北,2.0,"80,97元"
569,P218997,10,2016/7/13,2016/10/13, 晚交货,货品2,质量合格,华东,1.0,"2403,81元"
570,P219036,10,2016/8/8,2016/11/8, 按时交货,货品2,质量合格,华东,380.0,"3331,31元"
571,P219050,10,2016/8/15,2016/11/15, 按时交货,货品6,质量合格,马来西亚,1.0,"51,01元"
572,P219101,10,2016/10/20,2017/1/20, 按时交货,货品3,质量合格,华北,106.0,"68,00元"
573,P219101,20,2016/10/20,2017/1/20, 按时交货,货品3,质量合格,华北,160.0,"102,64元"
574,P219148,30,2016/9/20,2016/12/20, 按时交货,货品2,质量合格,华东,200.0,"546,63元"
575,P219733,10,2016/8/31,2016/10/31, 按时交货,货品2,质量合格,华东,1.0,"896,22元"
576,P219744,10,2016/8/15,2016/11/15, 按时交货,货品6,质量合格,马来西亚,1.0,"1402,29元"
577,P219796,10,2016/8/15,2016/11/15, 晚交货,货品4,返修,西北,1.0,"250,17元"
578,P219796,20,2016/8/15,2016/11/15, 晚交货,货品4,返修,西北,1.0,"250,17元"
579,P219825,10,2016/8/15,2016/11/15, 按时交货,货品5,质量合格,泰国,8.0,"119,50元"
580,P219895,10,2016/8/15,2016/11/15, 按时交货,货品5,质量合格,泰国,3.0,"310,23元"
581,P220013,10,2016/8/31,2016/10/31, 按时交货,货品2,质量合格,华东,1.0,"31,02元"
582,P220590,10,2016/10/1,2016/11/30, 按时交货,货品6,质量合格,马来西亚,1.0,"27,23元"
583,P220590,20,2016/10/1,2016/11/30, 按时交货,货品6,质量合格,马来西亚,1.0,"25,83元"
584,P220594,10,2016/9/20,2016/12/20, 按时交货,货品3,质量合格,华北,1.0,"2353,05元"
585,P220594,20,2016/9/20,2016/12/20, 按时交货,货品3,质量合格,华北,1.0,"52,49元"
586,P220595,10,2016/8/15,2016/11/15, 晚交货,货品4,返修,西北,1.0,"201,96元"
587,P220595,20,2016/8/15,2016/11/15, 晚交货,货品4,返修,西北,1.0,"201,96元"
588,P220599,10,2016/9/15,2016/12/15, 按时交货,货品6,质量合格,马来西亚,2.0,"38,42元"
589,P220659,10,2016/8/15,2016/11/15, 按时交货,货品5,质量合格,泰国,1.0,"139,59元"
590,P220659,20,2016/8/15,2016/11/15, 按时交货,货品5,质量合格,泰国,1.0,"139,59元"
591,P221390,10,2016/10/20,2017/1/20, 按时交货,货品2,质量合格,华东,4.0,"19,48元"
592,P221390,20,2016/10/20,2017/1/20, 按时交货,货品2,质量合格,华东,4.0,"19,48元"
593,P221399,10,2016/8/15,2016/11/15, 按时交货,货品6,拒货,马来西亚,15.0,"73,04元"
594,P221481,20,2016/9/15,2016/12/15, 按时交货,货品6,质量合格,马来西亚,1.0,"8,24元"
595,P221492,10,2016/10/1,2016/11/30, 按时交货,货品6,质量合格,马来西亚,1.0,"21,77元"
596,P221492,20,2016/10/1,2016/11/30, 按时交货,货品6,质量合格,马来西亚,16.0,"26,64元"
597,P221566,10,2016/8/30,2016/10/30, 按时交货,货品3,质量合格,华北,1.0,"158,48元"
598,P221690,10,2016/10/12,2017/1/12, 按时交货,货品2,拒货,华东,4.0,"75,39元"
599,P222314,10,2016/10/1,2016/11/30, 按时交货,货品6,质量合格,马来西亚,1.0,"29,46元"
600,P222317,10,2016/11/14,2017/2/14, 按时交货,货品5,质量合格,泰国,1.0,"296,70元"
601,P222318,10,2016/8/15,2016/11/15, 按时交货,货品5,质量合格,泰国,2.0,"117,83元"
602,P222353,10,2016/8/15,2016/11/15, 按时交货,货品5,返修,泰国,1.0,"34,58元"
603,P222353,20,2016/8/15,2016/11/15, 按时交货,货品5,返修,泰国,1.0,"67,88元"
604,P222374,10,2016/10/1,2016/11/30, 按时交货,货品6,质量合格,马来西亚,1.0,"6,37元"
605,P222374,20,2016/10/1,2016/11/30, 按时交货,货品6,质量合格,马来西亚,1.0,"6,37元"
606,P222384,10,2016/10/1,2016/11/30, 按时交货,货品6,质量合格,马来西亚,2.0,"19,48元"
607,P222384,20,2016/10/1,2016/11/30, 按时交货,货品6,质量合格,马来西亚,2.0,"19,48元"
608,P222413,10,2016/8/15,2016/11/15, 按时交货,货品6,质量合格,马来西亚,16.0,"1406,79元"
609,P222454,10,2016/8/15,2016/11/15, 按时交货,货品5,质量合格,泰国,500.0,"224,10元"
610,P222508,10,2016/8/24,2016/11/24, 按时交货,货品2,质量合格,华东,1.0,"9,02元"
611,P222508,20,2016/8/24,2016/11/24, 按时交货,货品2,质量合格,华东,1.0,"9,17元"
612,P222584,10,2016/12/21,2017/3/21, 晚交货,货品2,返修,华东,1.0,"2157,84元"
613,P222584,10,2016/11/23,2017/2/23, 晚交货,货品2,返修,华东,1.0,"2157,84元"
614,P223059,10,2016/8/19,2016/11/19, 晚交货,货品2,拒货,华东,2.0,"70,62元"
615,P223062,10,2016/12/13,2017/3/13, 晚交货,货品2,质量合格,华东,1.0,"130,82元"
616,P223063,10,2016/8/31,2016/10/31, 按时交货,货品6,质量合格,马来西亚,1.0,"25,59元"
617,P223063,20,2016/8/31,2016/10/31, 按时交货,货品6,质量合格,马来西亚,1.0,"25,59元"
618,P223076,10,2016/10/1,2016/11/30, 按时交货,货品6,质量合格,马来西亚,10.0,"14,34元"
619,P223107,10,2016/9/20,2016/12/20, 按时交货,货品3,质量合格,华北,1.0,"12,73元"
620,P223107,20,2016/9/20,2016/12/20, 按时交货,货品3,质量合格,华北,1.0,"14,22元"
621,P223123,10,2016/9/20,2016/12/20, 按时交货,货品3,质量合格,华北,1.0,"12,73元"
622,P223123,20,2016/9/20,2016/12/20, 按时交货,货品3,质量合格,华北,1.0,"14,22元"
623,P223185,10,2016/10/1,2016/11/30, 按时交货,货品6,拒货,马来西亚,5.0,"57,81元"
624,P223189,10,2016/10/1,2016/11/30, 按时交货,货品6,质量合格,马来西亚,1.0,"922,45元"
625,P223240,10,2016/9/6,2016/12/6, 按时交货,货品2,质量合格,华东,1.0,"19,09元"
626,P223292,10,2016/8/20,2016/11/20, 按时交货,货品3,质量合格,华北,2.0,"119,17元"
627,P223392,10,2016/9/30,2016/11/30, 按时交货,货品2,质量合格,华东,4.0,"29,29元"
628,P223945,10,2016/11/20,2017/2/20, 按时交货,货品3,质量合格,华北,1.0,"23,82元"
629,P223945,20,2016/11/20,2017/2/20, 按时交货,货品3,质量合格,华北,1.0,"23,82元"
630,P223948,10,2016/8/18,2016/11/18, 按时交货,货品3,拒货,华北,2.0,"58,28元"
631,P223959,10,2016/8/15,2016/11/15, 按时交货,货品5,质量合格,泰国,300.0,"234,08元"
632,P223959,20,2016/8/15,2016/11/15, 按时交货,货品5,质量合格,泰国,200.0,"149,13元"
633,P223976,10,2016/8/15,2016/11/15, 按时交货,货品5,质量合格,泰国,34.0,"187,59元"
634,P224038,10,2016/10/1,2016/11/30, 按时交货,货品5,质量合格,泰国,5.0,"130,02元"
635,P224039,10,2016/10/1,2016/11/30, 按时交货,货品5,质量合格,泰国,50.0,"91,48元"
636,P224039,20,2016/10/1,2016/11/30, 按时交货,货品5,质量合格,泰国,50.0,"29,12元"
637,P224044,10,2016/8/15,2016/11/15, 按时交货,货品6,质量合格,马来西亚,11.0,"36,36元"
638,P224172,10,2016/10/1,2016/11/30, 按时交货,货品5,质量合格,泰国,1.0,"121,72元"
639,P224205,10,2016/8/19,2016/11/19, 按时交货,货品3,质量合格,华北,100.0,"350,77元"
640,P224784,10,2016/10/1,2016/11/30, 按时交货,货品6,质量合格,马来西亚,2.0,"49,46元"
641,P224798,10,2016/8/15,2016/11/15, 按时交货,货品6,质量合格,马来西亚,1.0,"46,13元"
642,P224901,10,2016/10/30,2016/12/30, 按时交货,货品6,质量合格,马来西亚,3.0,"45,78元"
643,P224957,10,2016/10/1,2016/11/30, 按时交货,货品6,质量合格,马来西亚,20.0,"32,38元"
644,P225099,10,2016/9/15,2016/12/15, 按时交货,货品5,拒货,泰国,1.0,"99,09元"
645,P225102,10,2016/10/12,2017/1/12, 晚交货,货品2,质量合格,华东,1.0,"67,46元"
646,P225102,20,2016/10/12,2017/1/12, 晚交货,货品2,质量合格,华东,1.0,"142,42元"
647,P225575,10,2016/10/1,2016/11/30, 按时交货,货品6,质量合格,马来西亚,1.0,"38,23元"
648,P225576,10,2016/8/30,2016/10/30, 晚交货,货品3,拒货,华北,1.0,"82,45元"
649,P225586,10,2016/8/30,2016/10/30, 按时交货,货品3,质量合格,华北,1.0,"201,63元"
650,P225589,10,2016/10/30,2016/12/30, 晚交货,货品3,质量合格,华北,2.0,"48,72元"
651,P225592,10,2016/8/5,2016/11/5, 按时交货,货品3,质量合格,华北,1.0,"117,07元"
652,P225600,10,2016/8/15,2016/11/15, 按时交货,货品3,质量合格,华北,1.0,"6,16元"
653,P225621,10,2016/10/30,2016/12/30, 晚交货,货品3,拒货,华北,1.0,"33,52元"
654,P225621,20,2016/10/30,2016/12/30, 晚交货,货品3,拒货,华北,1.0,"23,29元"
655,P225628,10,2016/8/15,2016/11/15, 按时交货,货品6,质量合格,马来西亚,1.0,"20,99元"
656,P225643,10,2016/9/15,2016/12/15, 按时交货,货品2,质量合格,华东,1.0,"16,45元"
657,P225697,10,2016/8/17,2016/11/17, 按时交货,货品2,质量合格,华东,4.0,"0,51元"
658,P225697,20,2016/8/17,2016/11/17, 按时交货,货品2,质量合格,华东,2.0,"1294,64元"
659,P225823,10,2016/8/15,2016/11/15, 按时交货,货品6,质量合格,马来西亚,2.0,"41,98元"
660,P225947,10,2016/10/1,2016/11/30, 晚交货,货品3,质量合格,华北,1.0,"18,02元"
661,P225958,10,2016/8/15,2016/11/15, 晚交货,货品3,质量合格,华北,1.0,"20,38元"
662,P225966,10,2016/8/15,2016/11/15, 按时交货,货品3,质量合格,华北,1.0,"4,11元"
663,P226478,10,2016/9/26,2016/11/26, 按时交货,货品2,拒货,华东,2.0,"61,50元"
664,P226478,20,2016/9/26,2016/11/26, 按时交货,货品2,拒货,华东,2.0,"13,94元"
665,P226484,10,2016/10/1,2016/11/30, 按时交货,货品6,拒货,马来西亚,5.0,"45,48元"
666,P226484,20,2016/10/1,2016/11/30, 按时交货,货品6,拒货,马来西亚,5.0,"34,37元"
667,P226517,10,2016/8/9,2016/11/9, 按时交货,货品2,返修,华东,2.0,"13169,57元"
668,P226574,10,2016/10/1,2016/11/30, 按时交货,货品2,质量合格,华东,1.0,"2322,69元"
669,P226641,10,2016/10/1,2016/11/30, 按时交货,货品3,质量合格,华北,1.0,"959,30元"
670,P226641,20,2016/10/1,2016/11/30, 按时交货,货品3,质量合格,华北,1.0,"959,30元"
671,P227218,10,2016/9/15,2016/12/15, 按时交货,货品3,质量合格,华北,25.0,"154,23元"
672,P227218,20,2016/9/15,2016/12/15, 按时交货,货品3,质量合格,华北,1.0,"6,51元"
673,P227269,10,2016/10/1,2016/11/30, 按时交货,货品5,返修,泰国,3.0,"99,39元"
674,P227393,10,2016/10/30,2016/12/30, 按时交货,货品5,返修,泰国,1.0,"115,84元"
675,P227798,10,2016/9/5,2016/12/5, 按时交货,货品3,质量合格,华北,3.0,"975,13元"
676,P227798,20,2016/9/5,2016/12/5, 按时交货,货品3,质量合格,华北,3.0,"156,14元"
677,P227937,10,2016/10/1,2016/11/30, 按时交货,货品6,质量合格,马来西亚,14.0,"12,63元"
678,P227937,20,2016/10/1,2016/11/30, 按时交货,货品6,质量合格,马来西亚,4.0,"30,16元"
679,P227971,10,2016/9/30,2016/11/30, 按时交货,货品2,返修,华东,300.0,"2629,98元"
680,P227971,20,2016/10/30,2016/12/30, 按时交货,货品2,返修,华东,400.0,"3506,64元"
681,P228594,10,2016/10/30,2016/12/30, 按时交货,货品3,质量合格,华北,1.0,"48,19元"
682,P228598,10,2016/10/1,2016/11/30, 按时交货,货品6,拒货,马来西亚,2.0,"60,35元"
683,P228603,10,2016/8/20,2016/11/20, 按时交货,货品3,拒货,华北,3.0,"96,39元"
684,P228606,20,2016/8/20,2016/11/20, 按时交货,货品3,拒货,华北,3.0,"96,39元"
685,P228624,10,2016/12/30,2017/2/28, 按时交货,货品5,质量合格,泰国,1.0,"177,67元"
686,P228654,10,2016/10/30,2016/12/30, 按时交货,货品5,质量合格,泰国,1.0,"141,38元"
687,P228654,20,2016/10/30,2016/12/30, 按时交货,货品5,质量合格,泰国,1.0,"141,38元"
688,P228747,10,2016/10/30,2016/12/30, 按时交货,货品2,拒货,华东,2.0,"66,38元"
689,P229366,10,2016/10/1,2016/11/30, 按时交货,货品5,质量合格,泰国,4.0,"183,77元"
690,P229367,10,2016/10/1,2016/11/30, 按时交货,货品5,质量合格,泰国,1.0,"78,30元"
691,P229367,20,2016/10/1,2016/11/30, 按时交货,货品5,质量合格,泰国,1.0,"78,30元"
692,P229408,10,2016/8/19,2016/11/19, 按时交货,货品2,质量合格,华东,1.0,"2564,22元"
693,P229638,10,2016/9/15,2016/12/15, 按时交货,货品6,拒货,马来西亚,1.0,"59,30元"
694,P230151,10,2016/9/15,2016/12/15, 按时交货,货品6,质量合格,马来西亚,1.0,"27,74元"
695,P230159,10,2016/10/30,2016/12/30, 按时交货,货品6,质量合格,马来西亚,1.0,"903,18元"
696,P230159,30,2016/10/30,2016/12/30, 按时交货,货品6,质量合格,马来西亚,2.0,"90,32元"
697,P230172,10,2016/10/1,2016/11/30, 按时交货,货品6,质量合格,马来西亚,1.0,"15,29元"
698,P230174,10,2016/10/30,2016/12/30, 按时交货,货品6,质量合格,马来西亚,1.0,"202,90元"
699,P230189,10,2016/10/8,2017/1/8, 晚交货,货品2,质量合格,华东,1.0,"144,71元"
700,P230289,10,2016/9/30,2016/11/30, 按时交货,货品2,质量合格,华东,2.0,"4,25元"
701,P230289,20,2016/9/30,2016/11/30, 按时交货,货品2,质量合格,华东,4.0,"8,49元"
702,P230950,10,2016/10/30,2016/12/30, 按时交货,货品2,拒货,华东,2.0,"66,06元"
703,P230964,10,2016/10/1,2016/11/30, 按时交货,货品6,拒货,马来西亚,1.0,"90,08元"
704,P231032,10,2016/9/15,2016/12/15, 按时交货,货品6,拒货,马来西亚,2.0,"65,72元"
705,P231035,10,2016/8/12,2016/11/12, 按时交货,货品2,拒货,华东,2.0,"0,60元"
706,P231035,20,2016/8/12,2016/11/12, 按时交货,货品2,拒货,华东,1.0,"0,98元"
707,P231068,10,2016/9/15,2016/12/15, 按时交货,货品3,质量合格,华北,8.0,"9,01元"
708,P231093,10,2016/10/1,2016/11/30, 按时交货,货品6,拒货,马来西亚,2.0,"50,04元"
709,P231093,20,2016/10/1,2016/11/30, 按时交货,货品6,拒货,马来西亚,3.0,"9,93元"
710,P231220,10,2016/9/30,2016/11/30, 按时交货,货品5,拒货,泰国,1.0,"95,39元"
711,P231639,10,2016/9/15,2016/12/15, 按时交货,货品6,质量合格,马来西亚,16.0,"1409,23元"
712,P231647,10,2016/9/15,2016/12/15, 按时交货,货品6,拒货,马来西亚,1.0,"89,10元"
713,P231652,10,2016/9/15,2016/12/15, 按时交货,货品6,拒货,马来西亚,3.0,"91,57元"
714,P231656,10,2016/9/15,2016/12/15, 按时交货,货品6,拒货,马来西亚,5.0,"57,96元"
715,P231735,10,2016/8/18,2016/11/18, 按时交货,货品2,质量合格,华东,1.0,"4,05元"
716,P231744,10,2016/8/18,2016/11/18, 按时交货,货品2,质量合格,华东,1.0,"4,05元"
717,P231762,10,2016/8/15,2016/11/15, 按时交货,货品3,质量合格,华北,1.0,"845,28元"
718,P231768,10,2016/11/30,2017/1/30, 按时交货,货品2,质量合格,华东,4.0,"19,21元"
719,P231775,10,2016/11/30,2017/1/30, 按时交货,货品3,质量合格,华北,10.0,"28,52元"
720,P231775,20,2016/11/30,2017/1/30, 按时交货,货品3,质量合格,华北,20.0,"16,51元"
721,P231780,10,2016/9/15,2016/12/15, 按时交货,货品6,拒货,马来西亚,50.0,"12,11元"
722,P231780,20,2016/9/15,2016/12/15, 按时交货,货品6,拒货,马来西亚,15.0,"61,58元"
723,P231812,10,2016/10/15,2017/1/15, 按时交货,货品6,质量合格,马来西亚,1.0,"19,53元"
724,P231832,10,2016/9/15,2016/12/15, 按时交货,货品6,质量合格,马来西亚,2.0,"21,78元"
725,P232332,10,2016/10/30,2016/12/30, 按时交货,货品6,质量合格,马来西亚,2.0,"41,24元"
726,P232347,10,2016/10/30,2016/12/30, 按时交货,货品6,质量合格,马来西亚,1.0,"43,66元"
727,P232350,10,2016/9/15,2016/12/15, 按时交货,货品6,拒货,马来西亚,2.0,"50,26元"
728,P232350,20,2016/9/15,2016/12/15, 按时交货,货品6,拒货,马来西亚,4.0,"13,30元"
729,P232351,10,2016/10/1,2016/11/30, 按时交货,货品3,质量合格,华北,4.0,"67,92元"
730,P232351,20,2016/10/1,2016/11/30, 按时交货,货品6,质量合格,马来西亚,1.0,"67,92元"
731,P232396,10,2016/12/1,2017/1/31, 按时交货,货品6,拒货,马来西亚,2.0,"61,86元"
732,P232406,10,2016/12/1,2017/1/31, 按时交货,货品6,拒货,马来西亚,2.0,"63,15元"
733,P232443,10,2016/10/1,2016/11/30, 按时交货,货品3,质量合格,华北,2.0,"34,80元"
734,P232488,10,2016/10/8,2017/1/8, 晚交货,货品2,拒货,华东,2.0,"74,72元"
735,P232498,10,2016/9/15,2016/12/15, 按时交货,货品6,质量合格,马来西亚,1.0,"28,35元"
736,P232515,10,2016/10/30,2016/12/30, 按时交货,货品5,质量合格,泰国,4.0,"128,88元"
737,P232674,10,2016/10/1,2016/11/30, 按时交货,货品5,质量合格,泰国,1.0,"176,60元"
738,P233144,10,2016/10/1,2016/11/30, 按时交货,货品6,质量合格,马来西亚,2.0,"8,76元"
739,P233150,10,2016/9/15,2016/12/15, 按时交货,货品5,返修,泰国,1.0,"104,51元"
740,P233168,10,2016/9/15,2016/12/15, 按时交货,货品3,质量合格,华北,1.0,"173,83元"
741,P233187,10,2016/12/1,2017/1/31, 按时交货,货品2,质量合格,华东,2.0,"49,72元"
742,P233187,20,2016/12/1,2017/1/31, 按时交货,货品2,质量合格,华东,2.0,"66,29元"
743,P233261,10,2016/10/30,2016/12/30, 按时交货,货品2,质量合格,华东,4.0,"11,08元"
744,P233268,10,2016/9/15,2016/12/15, 按时交货,货品6,质量合格,马来西亚,1.0,"45,20元"
745,P233304,10,2016/9/30,2016/11/30, 按时交货,货品6,质量合格,马来西亚,1.0,"49,57元"
746,P233482,10,2016/10/8,2017/1/8, 晚交货,货品3,质量合格,华北,1.0,"386,28元"
747,P233945,10,2016/10/8,2017/1/8, 晚交货,货品2,质量合格,华东,1.0,"45,13元"
748,P233949,10,2016/9/30,2016/11/30, 按时交货,货品2,质量合格,华东,1.0,"438,15元"
749,P233951,10,2016/11/30,2017/1/30, 按时交货,货品1,返修,华南,9.0,"3624,25元"
750,P233951,20,2016/11/30,2017/1/30, 按时交货,货品1,返修,西北,9.0,"3624,26元"
751,P233983,10,2016/11/23,2017/2/23, 晚交货,货品2,质量合格,华东,1.0,"1658,59元"
752,P233983,10,2016/10/8,2017/1/8, 晚交货,货品2,质量合格,华东,1.0,"1658,59元"
753,P234737,10,2016/9/15,2016/12/15, 按时交货,货品6,质量合格,马来西亚,3.0,"46,82元"
754,P234737,20,2016/9/15,2016/12/15, 按时交货,货品6,质量合格,马来西亚,200.0,"150,67元"
755,P234747,10,2016/10/30,2016/12/30, 按时交货,货品6,拒货,马来西亚,5.0,"77,27元"
756,P234785,10,2016/9/15,2016/12/15, 按时交货,货品5,质量合格,泰国,3.0,"47,20元"
757,P234785,20,2016/9/15,2016/12/15, 按时交货,货品5,质量合格,泰国,200.0,"80,37元"
758,P234838,10,2016/9/30,2016/11/30, 按时交货,货品3,质量合格,华北,1.0,"426,26元"
759,P234944,10,2016/8/22,2016/11/22, 按时交货,货品2,质量合格,华东,4.0,"9,64元"
760,P234944,20,2016/8/22,2016/11/22, 按时交货,货品2,质量合格,华东,2.0,"36,76元"
761,P235329,10,2016/10/30,2016/12/30, 按时交货,货品5,质量合格,泰国,2.0,"339,89元"
762,P235340,10,2016/8/15,2016/11/15, 按时交货,货品5,质量合格,泰国,10.0,"193,00元"
763,P235364,10,2016/9/30,2016/11/30, 按时交货,货品2,质量合格,华东,1.0,"186,82元"
764,P235376,10,2016/10/30,2016/12/30, 按时交货,货品6,质量合格,马来西亚,5.0,"20,01元"
765,P235379,10,2016/9/20,2016/12/20, 按时交货,货品5,质量合格,泰国,1.0,"183,24元"
766,P235435,10,2016/12/30,2017/2/28, 按时交货,货品2,质量合格,华东,4.0,"21,15元"
767,P235435,20,2016/12/30,2017/2/28, 按时交货,货品2,质量合格,华东,4.0,"21,15元"
768,P235439,10,2016/10/30,2016/12/30, 按时交货,货品5,质量合格,泰国,2.0,"60,42元"
769,P235439,20,2016/10/30,2016/12/30, 按时交货,货品5,质量合格,泰国,4.0,"120,85元"
770,P235661,10,2016/9/30,2016/11/30, 晚交货,货品2,质量合格,华东,2.0,"49,88元"
771,P235735,10,2016/10/20,2017/1/20, 按时交货,货品3,质量合格,华北,1.0,"323,91元"
772,P236122,10,2016/10/1,2016/11/30, 按时交货,货品2,质量合格,华东,1.0,"116,04元"
773,P236136,10,2016/9/20,2016/12/20, 按时交货,货品6,质量合格,马来西亚,1.0,"1311,09元"
774,P236161,10,2016/10/25,2016/12/25, 按时交货,货品6,拒货,马来西亚,100.0,"56,68元"
775,P236192,10,2016/9/30,2016/11/30, 按时交货,货品2,质量合格,华东,1.0,"147,69元"
776,P236216,10,2016/10/30,2016/12/30, 按时交货,货品2,质量合格,华东,1.0,"39,18元"
777,P236271,60,2016/10/30,2016/12/30, 按时交货,货品5,质量合格,泰国,1.0,"392,42元"
778,P236317,10,2016/9/12,2016/12/12, 按时交货,货品3,质量合格,华北,6.0,"198,18元"
779,P236361,10,2016/10/12,2017/1/12, 按时交货,货品3,返修,华北,1.0,"112,48元"
780,P236856,10,2016/10/30,2016/12/30, 按时交货,货品3,质量合格,华北,2.0,"128,90元"
781,P236866,10,2016/10/1,2016/11/30, 按时交货,货品5,返修,泰国,1.0,"43,05元"
782,P236866,20,2016/10/1,2016/11/30, 按时交货,货品5,返修,泰国,1.0,"59,55元"
783,P236902,10,2016/10/30,2016/12/30, 晚交货,货品4,返修,西北,1.0,"707,30元"
784,P236962,10,2016/10/30,2016/12/30, 按时交货,货品6,拒货,马来西亚,1.0,"40,86元"
785,P236962,20,2016/10/30,2016/12/30, 按时交货,货品6,拒货,马来西亚,1.0,"24,33元"
786,P236964,10,2016/10/30,2016/12/30, 晚交货,货品4,返修,西北,1.0,"203,28元"
787,P236964,20,2016/10/30,2016/12/30, 晚交货,货品4,返修,西北,1.0,"203,28元"
788,P237647,10,2016/12/30,2017/2/28, 按时交货,货品5,质量合格,泰国,1.0,"164,10元"
789,P237724,10,2016/10/30,2016/12/30, 按时交货,货品5,返修,泰国,1.0,"101,87元"
790,P237725,10,2016/10/30,2016/12/30, 按时交货,货品5,返修,泰国,1.0,"107,34元"
791,P237726,10,2016/9/13,2016/12/13, 按时交货,货品6,拒货,马来西亚,1.0,"58,01元"
792,P237729,10,2016/9/15,2016/12/15, 按时交货,货品5,质量合格,泰国,5.0,"125,28元"
793,P237732,10,2016/10/10,2017/1/10, 按时交货,货品2,质量合格,华东,80.0,"140,71元"
794,P237736,10,2016/10/30,2016/12/30, 按时交货,货品6,质量合格,马来西亚,1.0,"38,55元"
795,P237736,20,2016/10/30,2016/12/30, 按时交货,货品6,质量合格,马来西亚,3.0,"9,64元"
796,P237746,10,2016/10/30,2016/12/30, 按时交货,货品3,质量合格,华北,1.0,"14,01元"
797,P237747,10,2016/10/30,2016/12/30, 按时交货,货品5,质量合格,泰国,1.0,"374,32元"
798,P237770,10,2016/11/18,2017/2/18, 按时交货,货品3,质量合格,华北,1.0,"213,10元"
799,P237770,20,2016/11/18,2017/2/18, 晚交货,货品3,质量合格,华北,1.0,"23,90元"
800,P237775,10,2016/9/15,2016/12/15, 按时交货,货品3,拒货,华北,2.0,"81,61元"
801,P238419,10,2016/10/30,2016/12/30, 晚交货,货品4,返修,西北,1000.0,"445,37元"
802,P238419,20,2016/10/30,2016/12/30, 晚交货,货品4,返修,西北,10.0,"2,57元"
803,P238422,10,2016/10/30,2016/12/30, 晚交货,货品4,返修,西北,4.0,"137,72元"
804,P238422,20,2016/10/30,2016/12/30, 晚交货,货品4,返修,西北,500.0,"373,95元"
805,P238454,10,2016/9/15,2016/12/15, 按时交货,货品5,质量合格,泰国,20.0,"107,95元"
806,P238454,20,2016/9/15,2016/12/15, 按时交货,货品5,质量合格,泰国,20.0,"61,69元"
807,P238457,10,2016/10/30,2016/12/30, 按时交货,货品6,质量合格,马来西亚,1.0,"1015,25元"
808,P238525,10,2016/9/15,2016/12/15, 按时交货,货品2,质量合格,华东,2.0,"167,07元"
809,P238527,10,2016/11/15,2017/2/15, 按时交货,货品2,质量合格,华东,4.0,"2,71元"
810,P238527,20,2016/11/15,2017/2/15, 按时交货,货品2,质量合格,华东,4.0,"2,71元"
811,P238559,10,2016/10/24,2017/1/24, 按时交货,货品3,质量合格,华北,1.0,"131,67元"
812,P238570,10,2016/10/30,2016/12/30, 按时交货,货品5,质量合格,泰国,100.0,"200,82元"
813,P238570,20,2016/10/30,2016/12/30, 按时交货,货品5,质量合格,泰国,100.0,"116,83元"
814,P238587,10,2016/10/30,2016/12/30, 按时交货,货品5,质量合格,泰国,1.0,"366,88元"
815,P239185,10,2016/10/15,2017/1/15, 按时交货,货品5,质量合格,泰国,1.0,"514,41元"
816,P239186,10,2016/10/15,2017/1/15, 按时交货,货品5,质量合格,泰国,1.0,"302,39元"
817,P239191,10,2016/10/15,2017/1/15, 按时交货,货品6,质量合格,马来西亚,1.0,"27,13元"
818,P239191,20,2016/10/15,2017/1/15, 按时交货,货品6,质量合格,马来西亚,1.0,"27,13元"
819,P239233,10,2016/9/15,2016/12/15, 按时交货,货品5,质量合格,泰国,3.0,"255,99元"
820,P239246,10,2016/9/30,2016/11/30, 晚交货,货品3,质量合格,华北,1.0,"1229,95元"
821,P239246,20,2016/9/30,2016/11/30, 晚交货,货品3,质量合格,华北,1.0,"1229,95元"
822,P239258,10,2016/9/15,2016/12/15, 按时交货,货品5,拒货,泰国,3.0,"97,88元"
823,P239273,10,2016/10/30,2016/12/30, 按时交货,货品3,拒货,华北,1.0,"70,54元"
824,P239427,10,2016/10/30,2016/12/30, 按时交货,货品3,质量合格,华北,1.0,"45,48元"
825,P239442,10,2016/8/30,2016/10/30, 晚交货,货品3,质量合格,华北,1.0,"29,47元"
826,P239454,10,2016/8/30,2016/10/30, 晚交货,货品3,质量合格,华北,2.0,"174,58元"
827,P239475,10,2016/8/30,2016/10/30, 晚交货,货品3,质量合格,华北,1.0,"152,54元"
828,P240011,10,2016/10/1,2016/11/30, 按时交货,货品6,拒货,马来西亚,1.0,"52,57元"
829,P240011,20,2016/10/1,2016/11/30, 按时交货,货品6,拒货,马来西亚,56.0,"37,26元"
830,P240025,10,2016/10/30,2016/12/30, 按时交货,货品5,质量合格,泰国,600.0,"23,07元"
831,P240025,20,2016/10/30,2016/12/30, 按时交货,货品5,质量合格,泰国,1.0,"314,54元"
832,P240310,10,2016/9/30,2016/11/30, 按时交货,货品2,拒货,华东,2.0,"0,60元"
833,P240310,20,2016/9/30,2016/11/30, 按时交货,货品2,拒货,华东,1.0,"2,63元"
834,P240875,10,2016/9/15,2016/12/15, 按时交货,货品5,质量合格,泰国,1.0,"112,68元"
835,P240875,20,2016/9/15,2016/12/15, 按时交货,货品5,质量合格,泰国,1.0,"112,68元"
836,P240901,10,2016/10/1,2016/11/30, 按时交货,货品6,质量合格,马来西亚,1.0,"27,04元"
837,P240931,10,2016/12/30,2017/2/28, 晚交货,货品4,返修,西北,1.0,"746,69元"
838,P241709,10,2016/10/14,2017/1/14, 晚交货,货品2,质量合格,华东,2.0,"465,27元"
839,P241713,10,2016/9/5,2016/12/5, 按时交货,货品3,质量合格,华北,1.0,"116,85元"
840,P241715,10,2016/9/15,2016/12/15, 按时交货,货品3,质量合格,华北,1.0,"116,85元"
841,P241722,10,2016/9/15,2016/12/15, 按时交货,货品6,拒货,马来西亚,1.0,"87,12元"
842,P242616,10,2016/11/30,2017/1/30, 按时交货,货品3,拒货,华北,2.0,"10,03元"
843,P242616,20,2016/11/30,2017/1/30, 按时交货,货品3,拒货,华北,2.0,"74,84元"
844,P242812,10,2016/10/30,2016/12/30, 按时交货,货品5,质量合格,泰国,1.0,"186,55元"
845,P242812,20,2016/10/30,2016/12/30, 按时交货,货品5,质量合格,泰国,2.0,"209,61元"
846,P242823,10,2016/10/30,2016/12/30, 按时交货,货品6,拒货,马来西亚,2.0,"66,54元"
847,P243354,10,2016/9/20,2016/12/20, 按时交货,货品3,质量合格,华北,350.0,"65,53元"
848,P243354,20,2016/9/20,2016/12/20, 按时交货,货品3,质量合格,华北,350.0,"65,53元"
849,P243400,10,2016/9/15,2016/12/15, 按时交货,货品6,质量合格,马来西亚,4.0,"34,82元"
850,P243414,10,2016/10/15,2017/1/15, 按时交货,货品5,质量合格,泰国,4.0,"124,51元"
851,P243420,10,2016/9/15,2016/12/15, 按时交货,货品2,拒货,华东,1.0,"73,78元"
852,P243474,20,2016/10/30,2016/12/30, 按时交货,货品2,质量合格,华东,2.0,"4,31元"
853,P243488,10,2016/10/30,2016/12/30, 按时交货,货品5,质量合格,泰国,2.0,"183,84元"
854,P243624,10,2016/10/30,2016/12/30, 按时交货,货品5,返修,泰国,1.0,"102,41元"
855,P243691,10,2016/9/6,2016/12/6, 按时交货,货品3,质量合格,华北,1.0,"19,47元"
856,P244261,20,2016/10/1,2016/11/30, 按时交货,货品1,返修,西北,1.0,"9221,69元"
857,P244292,10,2016/9/15,2016/12/15, 按时交货,货品6,质量合格,马来西亚,1.0,"25,61元"
858,P244292,20,2016/9/15,2016/12/15, 按时交货,货品6,质量合格,马来西亚,1.0,"25,61元"
859,P244336,10,2016/12/30,2017/2/28, 按时交货,货品5,质量合格,泰国,1.0,"269,64元"
860,P244336,20,2016/12/30,2017/2/28, 按时交货,货品5,质量合格,泰国,1.0,"269,64元"
861,P244345,10,2016/12/30,2017/2/28, 按时交货,货品6,质量合格,马来西亚,1.0,"914,06元"
862,P244455,10,2016/10/30,2016/12/30, 按时交货,货品6,拒货,马来西亚,1.0,"71,53元"
863,P244499,20,2016/10/30,2016/12/30, 按时交货,货品5,质量合格,泰国,1.0,"139,43元"
864,P244499,30,2016/10/30,2016/12/30, 按时交货,货品5,质量合格,泰国,1.0,"71,83元"
865,P245064,10,2016/11/30,2017/1/30, 按时交货,货品6,质量合格,马来西亚,3.0,"37,43元"
866,P245067,10,2016/11/30,2017/1/30, 按时交货,货品6,质量合格,马来西亚,1.0,"25,38元"
867,P245070,10,2016/10/30,2016/12/30, 按时交货,货品6,质量合格,马来西亚,16.0,"26,62元"
868,P245076,10,2016/10/30,2016/12/30, 按时交货,货品3,质量合格,华北,1.0,"4,29元"
869,P245076,20,2016/10/30,2016/12/30, 按时交货,货品3,质量合格,华北,1.0,"6,14元"
870,P245108,20,2016/11/10,2017/2/10, 按时交货,货品2,质量合格,华东,16.0,"2819,34元"
871,P245128,10,2016/11/10,2017/2/10, 按时交货,货品2,质量合格,华东,16.0,"2819,34元"
872,P245133,10,2016/10/12,2017/1/12, 按时交货,货品6,质量合格,马来西亚,1.0,"21,75元"
873,P245133,20,2016/10/12,2017/1/12, 按时交货,货品6,质量合格,马来西亚,3.0,"19,19元"
874,P245258,10,2016/11/15,2017/2/15, 按时交货,货品5,质量合格,泰国,3.0,"168,07元"
875,P245915,10,2016/10/30,2016/12/30, 按时交货,货品2,质量合格,华东,4.0,"0,51元"
876,P245915,20,2016/10/30,2016/12/30, 按时交货,货品2,质量合格,华东,8.0,"12,29元"
877,P245919,10,2016/10/30,2016/12/30, 按时交货,货品3,质量合格,华北,1.0,"25,21元"
878,P246023,10,2016/10/10,2017/1/10, 按时交货,货品3,质量合格,华北,1.0,"8,78元"
879,P246131,10,2016/10/30,2016/12/30, 按时交货,货品6,质量合格,马来西亚,1.0,"12,16元"
880,P246131,20,2016/10/30,2016/12/30, 按时交货,货品6,质量合格,马来西亚,1.0,"4,49元"
881,P246665,10,2016/10/20,2017/1/20, 按时交货,货品2,质量合格,华东,12.0,"22,46元"
882,P246666,10,2016/10/20,2017/1/20, 按时交货,货品2,质量合格,华东,12.0,"22,46元"
883,P246666,20,2016/10/20,2017/1/20, 按时交货,货品2,质量合格,华东,12.0,"22,46元"
884,P246672,10,2016/11/11,2017/2/11, 按时交货,货品5,质量合格,泰国,1.0,"330,22元"
885,P246678,10,2016/10/15,2017/1/15, 按时交货,货品6,质量合格,马来西亚,20.0,"16,47元"
886,P246733,10,2016/9/15,2016/12/15, 按时交货,货品5,返修,泰国,5.0,"108,94元"
887,P246741,10,2016/9/15,2016/12/15, 按时交货,货品6,质量合格,马来西亚,5.0,"15,87元"
888,P246741,20,2016/9/15,2016/12/15, 按时交货,货品6,质量合格,马来西亚,8.0,"20,48元"
889,P246758,10,2016/10/30,2016/12/30, 按时交货,货品6,质量合格,马来西亚,2.0,"5,38元"
890,P246758,20,2016/10/30,2016/12/30, 按时交货,货品6,质量合格,马来西亚,14.0,"13,63元"
891,P246773,10,2016/10/14,2017/1/14, 按时交货,货品3,返修,华北,18.0,"103,67元"
892,P246800,10,2016/10/15,2017/1/15, 按时交货,货品5,返修,泰国,1.0,"104,94元"
893,P246840,10,2016/10/30,2016/12/30, 按时交货,货品3,质量合格,华北,5.0,"35,84元"
894,P246940,10,2016/10/30,2016/12/30, 按时交货,货品3,质量合格,华北,500.0,"24,33元"
895,P247031,10,2016/12/14,2017/3/14, 按时交货,货品2,质量合格,华东,1.0,"11,89元"
896,P247031,20,2016/12/14,2017/3/14, 按时交货,货品2,质量合格,华东,1.0,"11,89元"
897,P247478,10,2016/11/30,2017/1/30, 按时交货,货品2,质量合格,华东,268.0,"20,06元"
898,P247478,20,2016/11/30,2017/1/30, 按时交货,货品2,质量合格,华东,268.0,"20,06元"
899,P247547,10,2016/11/21,2017/2/21, 按时交货,货品3,质量合格,华北,1.0,"1399,16元"
900,P248422,10,2016/12/30,2017/2/28, 按时交货,货品2,质量合格,华东,1.0,"1119,58元"
901,P248427,10,2016/10/20,2017/1/20, 按时交货,货品3,拒货,华北,16.0,"3,36元"
902,P248433,10,2016/12/10,2017/3/10, 按时交货,货品3,质量合格,华北,224.0,"147,91元"
903,P248438,10,2016/10/10,2017/1/10, 按时交货,货品2,质量合格,华东,4.0,"7,50元"
904,P248442,10,2016/10/30,2016/12/30, 按时交货,货品6,拒货,马来西亚,100.0,"70,55元"
905,P248552,10,2016/10/30,2016/12/30, 按时交货,货品2,质量合格,华东,1.0,"38,53元"
906,P248604,10,2016/9/14,2016/12/14, 按时交货,货品2,返修,华东,1.0,"3078,36元"
907,P248604,20,2016/9/14,2016/12/14, 按时交货,货品2,返修,华东,1.0,"641,33元"
908,P248633,10,2016/10/27,2016/12/27, 按时交货,货品2,返修,华东,1.0,"3078,36元"
909,P248633,20,2016/10/27,2016/12/27, 按时交货,货品2,返修,华东,1.0,"641,33元"
910,P248661,10,2016/10/15,2017/1/15, 按时交货,货品6,质量合格,马来西亚,1.0,"13,47元"
911,P248675,10,2016/10/30,2016/12/30, 按时交货,货品3,质量合格,华北,300.0,"13,46元"
912,P248675,20,2016/10/30,2016/12/30, 按时交货,货品3,质量合格,华北,240.0,"23,41元"
913,P248760,10,2016/9/15,2016/12/15, 按时交货,货品6,质量合格,马来西亚,4.0,"37,52元"
914,P249235,10,2016/10/10,2017/1/10, 按时交货,货品3,质量合格,华北,1.0,"346,32元"
915,P249240,10,2016/10/15,2017/1/15, 晚交货,货品2,返修,华东,4.0,"4722,18元"
916,P249505,10,2016/12/30,2017/2/28, 按时交货,货品5,质量合格,泰国,3.0,"147,74元"
917,P249549,10,2016/10/15,2017/1/15, 按时交货,货品6,质量合格,马来西亚,1.0,"1305,87元"
918,P249575,10,2016/10/15,2017/1/15, 按时交货,货品5,质量合格,泰国,2.0,"120,08元"
919,P250916,10,2016/11/28,2017/1/28, 按时交货,货品2,质量合格,华东,1.0,"729,24元"
920,P250921,10,2016/10/17,2017/1/17, 按时交货,货品6,质量合格,马来西亚,2.0,"4,15元"
921,P250921,20,2016/10/17,2017/1/17, 按时交货,货品6,质量合格,马来西亚,4.0,"8,30元"
922,P250941,10,2016/10/10,2017/1/10, 按时交货,货品3,质量合格,华北,1.0,"161,70元"
923,P251034,10,2016/12/1,2017/1/31, 按时交货,货品3,质量合格,华北,20.0,"551,17元"
924,P251069,10,2016/10/18,2017/1/18, 按时交货,货品2,质量合格,华东,1.0,"22,00元"
925,P251083,10,2016/12/30,2017/2/28, 晚交货,货品4,返修,西北,1.0,"449,59元"
926,P251130,10,2016/11/15,2017/2/15, 按时交货,货品3,返修,华北,2.0,"115,99元"
927,P251145,10,2016/10/15,2017/1/15, 按时交货,货品6,质量合格,马来西亚,1.0,"21,71元"
928,P251740,10,2016/12/9,2017/3/9, 按时交货,货品2,质量合格,华东,1.0,"363,33元"
929,P251795,10,2016/9/23,2016/12/23, 按时交货,货品3,质量合格,华北,600.0,"430,09元"
930,P251926,10,2016/10/15,2017/1/15, 按时交货,货品5,质量合格,泰国,1.0,"193,31元"
931,P251928,10,2016/10/8,2017/1/8, 晚交货,货品3,拒货,华北,1.0,"69,93元"
932,P251937,10,2016/12/30,2017/2/28, 按时交货,货品3,质量合格,华北,4.0,"22,33元"
933,P251937,20,2016/12/30,2017/2/28, 按时交货,货品3,质量合格,华北,4.0,"22,33元"
934,P251956,10,2016/11/18,2017/2/18, 晚交货,货品3,质量合格,华北,1.0,"31,47元"
935,P251956,20,2016/11/18,2017/2/18, 按时交货,货品3,质量合格,华北,1.0,"206,13元"
936,P251989,20,2016/12/30,2017/2/28, 按时交货,货品3,质量合格,华北,4.0,"16,78元"
937,P252562,10,2016/10/15,2017/1/15, 按时交货,货品6,质量合格,马来西亚,10.0,"54,48元"
938,P252569,10,2016/11/15,2017/2/15, 按时交货,货品2,返修,华东,43.0,"2124,69元"
939,P252569,20,2016/11/15,2017/2/15, 按时交货,货品2,返修,华东,43.0,"2035,13元"
940,P252575,10,2016/11/28,2017/1/28, 按时交货,货品2,质量合格,华东,1.0,"13,75元"
941,P252578,10,2016/12/1,2017/1/31, 按时交货,货品2,质量合格,华东,1.0,"358,47元"
942,P252578,20,2016/12/1,2017/1/31, 按时交货,货品2,质量合格,华东,1.0,"12,16元"
943,P252602,10,2016/11/15,2017/2/15, 晚交货,货品4,返修,西北,1.0,"448,09元"
944,P252656,10,2016/10/30,2016/12/30, 按时交货,货品2,拒货,华东,1.0,"70,30元"
945,P252656,20,2016/10/30,2016/12/30, 按时交货,货品2,拒货,华东,1.0,"25,02元"
946,P252688,10,2016/11/30,2017/1/30, 按时交货,货品2,质量合格,华东,4.0,"8,99元"
947,P252688,20,2016/11/30,2017/1/30, 按时交货,货品2,质量合格,华东,4.0,"8,99元"
948,P252694,10,2016/9/21,2016/12/21, 按时交货,货品3,质量合格,华北,2.0,"339,15元"
949,P252722,10,2016/10/8,2017/1/8, 晚交货,货品2,质量合格,华东,2.0,"2772,09元"
950,P252725,10,2016/12/10,2017/3/10, 按时交货,货品3,质量合格,华北,1.0,"651,13元"
951,P252887,10,2016/10/15,2017/1/15, 晚交货,货品4,返修,西北,1000.0,"443,68元"
952,P252887,20,2016/10/15,2017/1/15, 晚交货,货品4,返修,西北,20.0,"5,12元"
953,P255090,10,2016/11/15,2017/2/15, 按时交货,货品2,质量合格,华东,1.0,"1146,38元"
954,P255101,10,2016/10/15,2017/1/15, 按时交货,货品5,质量合格,泰国,500.0,"271,38元"
955,P255102,10,2016/12/30,2017/2/28, 按时交货,货品2,拒货,华东,1.0,"82,14元"
956,P255105,10,2016/10/8,2017/1/8, 按时交货,货品2,质量合格,华东,1.0,"335,64元"
957,P255108,10,2016/10/15,2017/1/15, 按时交货,货品5,质量合格,泰国,500.0,"372,68元"
958,P255120,20,2016/12/30,2017/2/28, 按时交货,货品3,质量合格,华北,1.0,"25,62元"
959,P255136,10,2016/10/15,2017/1/15, 按时交货,货品3,质量合格,华北,1.0,"152,55元"
960,P255181,10,2016/10/10,2017/1/10, 按时交货,货品3,拒货,华北,1.0,"3,60元"
961,P255182,10,2016/10/8,2017/1/8, 按时交货,货品2,拒货,华东,2.0,"76,89元"
962,P255190,10,2016/12/1,2017/1/31, 按时交货,货品6,拒货,马来西亚,4.0,"69,71元"
963,P255195,10,2016/10/15,2017/1/15, 按时交货,货品6,质量合格,马来西亚,1.0,"27,55元"
964,P255242,10,2016/11/15,2017/2/15, 按时交货,货品6,质量合格,马来西亚,1.0,"23,07元"
965,P255253,10,2016/10/15,2017/1/15, 晚交货,货品4,返修,西北,2.0,"449,79元"
966,P255327,10,2016/12/30,2017/2/28, 按时交货,货品3,质量合格,华北,1.0,"401,54元"
967,P255377,10,2016/10/15,2017/1/15, 按时交货,货品6,质量合格,马来西亚,1.0,"1304,39元"
968,P255428,10,2016/12/1,2017/1/31, 按时交货,货品3,拒货,华北,300.0,"19,21元"
969,P255428,20,2016/12/1,2017/1/31, 按时交货,货品6,拒货,马来西亚,1.0,"40,21元"
970,P255429,10,2016/10/15,2017/1/15, 按时交货,货品6,质量合格,马来西亚,1.0,"20,51元"
971,P255429,20,2016/10/15,2017/1/15, 按时交货,货品6,质量合格,马来西亚,1.0,"20,51元"
972,P255474,10,2016/10/15,2017/1/15, 按时交货,货品3,质量合格,华北,1.0,"939,61元"
973,P255474,20,2016/10/15,2017/1/15, 按时交货,货品3,质量合格,华北,1.0,"939,61元"
974,P255490,10,2016/10/30,2016/12/30, 按时交货,货品6,质量合格,马来西亚,1.0,"13,84元"
975,P255538,10,2016/10/15,2017/1/15, 按时交货,货品6,质量合格,马来西亚,2.0,"14,35元"
976,P256151,10,2016/9/20,2016/12/20, 晚交货,货品3,质量合格,华北,1.0,"889,13元"
977,P256164,10,2016/11/20,2017/2/20, 按时交货,货品2,质量合格,华东,1.0,"36,13元"
978,P256188,10,2016/12/1,2017/1/31, 按时交货,货品3,质量合格,华北,1.0,"2248,65元"
979,P256236,10,2016/10/25,2016/12/25, 按时交货,货品2,质量合格,华东,1.0,"200,79元"
980,P257139,10,2016/12/1,2017/1/31, 按时交货,货品6,拒货,马来西亚,60.0,"85,44元"
981,P257145,10,2016/10/15,2017/1/15, 按时交货,货品6,质量合格,马来西亚,1.0,"1,92元"
982,P257145,20,2016/10/15,2017/1/15, 按时交货,货品6,质量合格,马来西亚,1.0,"23,07元"
983,P257208,10,2016/10/15,2017/1/15, 按时交货,货品2,质量合格,华东,4.0,"9,23元"
984,P257208,20,2016/10/15,2017/1/15, 按时交货,货品2,质量合格,华东,4.0,"32,18元"
985,P257209,10,2016/12/21,2017/3/21, 按时交货,货品5,质量合格,泰国,144.0,"262,89元"
986,P257239,10,2016/10/13,2017/1/13, 按时交货,货品6,质量合格,马来西亚,8.0,"13,84元"
987,P257356,10,2016/11/30,2017/1/30, 按时交货,货品2,拒货,华东,110.0,"49,47元"
988,P257356,20,2016/11/30,2017/1/30, 按时交货,货品2,拒货,华东,110.0,"49,47元"
989,P258069,10,2016/10/20,2017/1/20, 按时交货,货品3,质量合格,华北,266.0,"171,50元"
990,P258160,10,2016/12/1,2017/1/31, 按时交货,货品3,质量合格,华北,12.0,"7,92元"
991,P258182,10,2016/11/30,2017/1/30, 按时交货,货品6,拒货,马来西亚,10.0,"54,53元"
992,P259120,10,2016/10/15,2017/1/15, 按时交货,货品6,质量合格,马来西亚,1.0,"16,27元"
993,P259167,10,2016/12/1,2017/1/31, 按时交货,货品5,返修,泰国,1.0,"107,95元"
994,P259264,10,2016/12/1,2017/1/31, 按时交货,货品6,拒货,马来西亚,1.0,"17,43元"
995,P259264,20,2016/12/1,2017/1/31, 按时交货,货品6,拒货,马来西亚,2.0,"43,57元"
996,P259279,10,2016/11/10,2017/2/10, 按时交货,货品2,质量合格,华东,134.0,"10,05元"
997,P259279,20,2016/11/10,2017/2/10, 按时交货,货品2,质量合格,华东,134.0,"10,05元"
998,P259303,10,2016/12/19,2017/3/19, 按时交货,货品2,拒货,华东,2.0,"43,48元"
999,P259303,20,2016/12/19,2017/3/19, 按时交货,货品2,拒货,华东,2.0,"43,48元"
1000,P259318,10,2016/10/29,2016/12/29, 按时交货,货品5,质量合格,泰国,1.0,"96,40元"
1001,P259318,20,2016/10/29,2016/12/29, 晚交货,货品5,质量合格,泰国,1.0,"96,40元"
1002,P260011,10,2016/12/30,2017/2/28, 按时交货,货品3,质量合格,华北,1.0,"48,19元"
1003,P260079,10,2016/10/15,2017/1/15, 按时交货,货品6,质量合格,马来西亚,4.0,"13,33元"
1004,P260081,50,2016/11/10,2017/2/10, 按时交货,货品3,质量合格,华北,1.0,"276,21元"
1005,P260081,60,2016/11/10,2017/2/10, 按时交货,货品3,质量合格,华北,1.0,"329,59元"
1006,P260100,10,2016/10/15,2017/1/15, 按时交货,货品6,质量合格,马来西亚,10.0,"10,24元"
1007,P260105,10,2016/10/15,2017/1/15, 按时交货,货品6,质量合格,马来西亚,1.0,"30,76元"
1008,P260970,10,2016/12/1,2017/1/31, 按时交货,货品5,质量合格,泰国,4.0,"107,81元"
1009,P260970,20,2016/12/1,2017/1/31, 按时交货,货品5,质量合格,泰国,50.0,"134,48元"
1010,P260975,10,2016/11/10,2017/2/10, 按时交货,货品6,返修,马来西亚,2.0,"44,99元"
1011,P260975,20,2016/11/10,2017/2/10, 按时交货,货品2,返修,华东,2.0,"61,42元"
1012,P261876,10,2016/12/1,2017/1/31, 按时交货,货品3,质量合格,华北,1.0,"151,64元"
1013,P261891,10,2016/11/15,2017/2/15, 按时交货,货品3,质量合格,华北,2.0,"14,03元"
1014,P261891,20,2016/11/15,2017/2/15, 按时交货,货品3,质量合格,华北,2.0,"14,03元"
1015,P261893,10,2016/11/11,2017/2/11, 按时交货,货品3,质量合格,华北,1.0,"11,77元"
1016,P261904,10,2016/12/30,2017/2/28, 按时交货,货品5,返修,泰国,5.0,"109,01元"
1017,P261929,10,2016/12/1,2017/1/31, 按时交货,货品5,拒货,泰国,2.0,"69,98元"
1018,P261929,40,2016/12/1,2017/1/31, 按时交货,货品5,拒货,泰国,1.0,"29,37元"
1019,P262232,10,2016/12/1,2017/1/31, 按时交货,货品6,质量合格,马来西亚,1.0,"32,02元"
1020,P262232,20,2016/12/1,2017/1/31, 按时交货,货品6,质量合格,马来西亚,1.0,"3,33元"
1021,P263936,10,2016/12/30,2017/2/28, 晚交货,货品4,返修,西北,20.0,"668,51元"
1022,P263958,10,2016/11/15,2017/2/15, 按时交货,货品2,质量合格,华东,191.0,"144,96元"
1023,P263958,20,2016/11/15,2017/2/15, 按时交货,货品2,质量合格,华东,191.0,"144,96元"
1024,P263985,10,2016/10/15,2017/1/15, 按时交货,货品3,质量合格,华北,1.0,"153,60元"
1025,P268678,10,2016/11/15,2017/2/15, 晚交货,货品4,返修,西北,1.0,"755,45元"
1026,P268732,10,2016/12/15,2017/3/15, 按时交货,货品5,质量合格,泰国,1.0,"226,92元"
1027,P268736,10,2016/11/5,2017/2/5, 晚交货,货品5,质量合格,泰国,1.0,"345,05元"
1028,P268751,10,2016/12/1,2017/1/31, 按时交货,货品3,拒货,华北,1.0,"96,42元"
1029,P268754,10,2016/11/25,2017/1/25, 晚交货,货品6,质量合格,马来西亚,1.0,"52,46元"
1030,P268755,10,2016/10/15,2017/1/15, 按时交货,货品3,质量合格,华北,2.0,"163,45元"
1031,P268756,10,2016/10/15,2017/1/15, 按时交货,货品3,拒货,华北,1.0,"88,05元"
1032,P268761,10,2016/11/5,2017/2/5, 晚交货,货品5,返修,泰国,1.0,"104,92元"
1033,P268766,10,2016/12/1,2017/1/31, 按时交货,货品2,质量合格,华东,1.0,"14,62元"
1034,P268769,10,2016/12/28,2017/2/28, 晚交货,货品6,拒货,马来西亚,1.0,"59,96元"
1035,P268783,10,2016/12/1,2017/1/31, 按时交货,货品2,拒货,华东,1.0,"69,60元"
1036,P268784,10,2016/10/15,2017/1/15, 按时交货,货品3,质量合格,华北,3.0,"12,88元"
1037,P268785,10,2016/12/1,2017/1/31, 按时交货,货品2,拒货,华东,1.0,"74,95元"
1038,P268823,10,2016/12/15,2017/3/15, 晚交货,货品4,返修,西北,20.0,"581,49元"
1039,P268828,10,2016/11/15,2017/2/15, 按时交货,货品6,质量合格,马来西亚,1.0,"27,38元"
1040,P268841,10,2016/12/15,2017/3/15, 按时交货,货品6,质量合格,马来西亚,1.0,"50,13元"
1041,P269001,10,2016/11/15,2017/2/15, 按时交货,货品5,质量合格,泰国,1.0,"190,52元"
1042,P269580,10,2016/10/15,2017/1/15, 按时交货,货品5,质量合格,泰国,1.0,"157,06元"
1043,P269606,10,2016/12/1,2017/1/31, 晚交货,货品6,质量合格,马来西亚,313.0,"1012,31元"
1044,P270687,10,2016/12/1,2017/1/31, 按时交货,货品6,质量合格,马来西亚,1.0,"1372,98元"
1045,P270759,10,2016/12/1,2017/1/31, 按时交货,货品6,拒货,马来西亚,1.0,"76,44元"
1046,P271594,10,2016/10/17,2017/1/17, 按时交货,货品2,质量合格,华东,2.0,"46,69元"
1047,P272232,10,2016/12/1,2017/1/31, 按时交货,货品5,质量合格,泰国,1.0,"288,48元"
1048,P272240,10,2016/12/15,2017/3/15, 晚交货,货品2,质量合格,华东,1.0,"237,89元"
1049,P272240,10,2016/11/22,2017/2/22, 晚交货,货品2,质量合格,华东,1.0,"237,89元"
1050,P272267,10,2016/12/1,2017/1/31, 按时交货,货品5,拒货,泰国,1.0,"98,19元"
1051,P272359,10,2016/12/10,2017/3/10, 按时交货,货品3,质量合格,华北,1260.0,"333,83元"
1052,P273040,10,2016/11/5,2017/2/5, 晚交货,货品6,质量合格,马来西亚,1.0,"32,21元"
1053,P273050,10,2016/12/1,2017/1/31, 按时交货,货品3,返修,华北,1.0,"105,16元"
1054,P273051,10,2016/11/30,2017/1/30, 按时交货,货品3,拒货,华北,2.0,"73,23元"
1055,P273061,10,2016/12/30,2017/2/28, 晚交货,货品4,返修,西北,4.0,"583,53元"
1056,P273122,10,2016/11/8,2017/2/8, 按时交货,货品3,质量合格,华北,2.0,"31,97元"
1057,P273161,10,2016/11/15,2017/2/15, 按时交货,货品2,质量合格,华东,5.0,"24,10元"
1058,P273202,10,2016/10/24,2017/1/24, 按时交货,货品5,质量合格,泰国,2.0,"205,51元"
1059,P273339,10,2016/11/15,2017/2/15, 按时交货,货品3,质量合格,华北,1.0,"357,73元"
1060,P273931,10,2016/12/30,2017/2/28, 按时交货,货品2,质量合格,华东,1.0,"11,07元"
1061,P273980,10,2016/12/19,2017/3/19, 按时交货,货品2,质量合格,华东,4.0,"22,86元"
1062,P273980,20,2016/12/19,2017/3/19, 按时交货,货品2,质量合格,华东,2.0,"4,60元"
1063,P274062,20,2016/12/1,2017/1/31, 按时交货,货品3,质量合格,华北,21.0,"36,29元"
1064,P274089,10,2016/12/30,2017/2/28, 按时交货,货品6,质量合格,马来西亚,1.0,"45,04元"
1065,P274202,10,2016/11/15,2017/2/15, 按时交货,货品5,质量合格,泰国,1.0,"154,81元"
1066,P274973,10,2016/11/15,2017/2/15, 按时交货,货品2,质量合格,华东,4.0,"76,73元"
1067,P274973,20,2016/11/15,2017/2/15, 按时交货,货品2,质量合格,华东,4.0,"76,73元"
1068,P275847,10,2016/11/30,2017/1/30, 按时交货,货品3,质量合格,华北,1.0,"306,49元"
1069,P275918,10,2016/10/24,2017/1/24, 按时交货,货品2,质量合格,华东,2.0,"2307,36元"
1070,P276849,10,2016/12/25,2017/2/25, 按时交货,货品3,质量合格,华北,1.0,"8,67元"
1071,P277636,10,2016/12/15,2017/3/15, 按时交货,货品5,质量合格,泰国,5.0,"125,03元"
1072,P277636,20,2016/12/15,2017/3/15, 按时交货,货品5,质量合格,泰国,5.0,"125,03元"
1073,P277702,10,2016/12/1,2017/1/31, 晚交货,货品4,返修,西北,1.0,"788,26元"
1074,P277720,10,2016/12/15,2017/3/15, 按时交货,货品5,质量合格,泰国,50.0,"79,01元"
1075,P277720,20,2016/12/15,2017/3/15, 按时交货,货品5,质量合格,泰国,2.0,"71,60元"
1076,P277851,10,2016/12/1,2017/1/31, 按时交货,货品2,质量合格,华东,2.0,"309,57元"
1077,P277851,20,2016/12/1,2017/1/31, 按时交货,货品2,质量合格,华东,2.0,"1031,91元"
1078,P277861,10,2016/11/15,2017/2/15, 按时交货,货品3,质量合格,华北,1.0,"296,18元"
1079,P277941,10,2016/12/25,2017/2/25, 按时交货,货品2,拒货,华东,6000.0,"87,69元"
1080,P278712,10,2016/12/1,2017/1/31, 按时交货,货品6,质量合格,马来西亚,1.0,"6,31元"
1081,P278911,10,2016/12/30,2017/2/28, 按时交货,货品6,质量合格,马来西亚,1.0,"1289,40元"
1082,P279648,10,2016/12/30,2017/2/28, 按时交货,货品2,质量合格,华东,1.0,"439,20元"
1083,P279759,10,2016/12/30,2017/2/28, 按时交货,货品4,返修,西北,1.0,"732,34元"
1084,P279861,10,2016/11/15,2017/2/15, 按时交货,货品2,拒货,华东,1.0,"80,28元"
1085,P280441,10,2016/12/30,2017/2/28, 按时交货,货品3,质量合格,华北,4.0,"16,53元"
1086,P280444,10,2016/11/21,2017/2/21, 按时交货,货品5,质量合格,泰国,1.0,"341,10元"
1087,P280484,10,2016/11/15,2017/2/15, 按时交货,货品2,质量合格,华东,400.0,"44,84元"
1088,P280551,10,2016/12/30,2017/2/28, 按时交货,货品6,拒货,马来西亚,1.0,"79,42元"
1089,P280616,10,2016/11/15,2017/2/15, 按时交货,货品3,质量合格,华北,1.0,"11,09元"
1090,P280616,20,2016/11/15,2017/2/15, 按时交货,货品3,质量合格,华北,1.0,"22,57元"
1091,P280643,10,2016/11/15,2017/2/15, 按时交货,货品2,质量合格,华东,10.0,"10,09元"
1092,P280643,20,2016/11/15,2017/2/15, 按时交货,货品2,质量合格,华东,10.0,"12,61元"
1093,P280755,10,2016/11/15,2017/2/15, 按时交货,货品6,拒货,马来西亚,20.0,"27,74元"
1094,P280755,20,2016/11/15,2017/2/15, 按时交货,货品6,拒货,马来西亚,20.0,"27,74元"
1095,P281788,10,2016/12/30,2017/2/28, 按时交货,货品4,返修,西北,1000.0,"432,44元"
1096,P281788,20,2016/12/30,2017/2/28, 按时交货,货品4,返修,西北,20.0,"5,04元"
1097,P281886,10,2016/12/30,2017/2/28, 按时交货,货品5,质量合格,泰国,60.0,"191,36元"
1098,P282490,10,2016/12/30,2017/2/28, 按时交货,货品2,返修,华东,11500.0,"8109,03元"
1099,P283061,10,2016/11/15,2017/2/15, 按时交货,货品2,质量合格,华东,2.0,"401,38元"
1100,P283087,10,2016/11/15,2017/2/15, 晚交货,货品4,返修,西北,1.0,"813,40元"
1101,P283088,10,2016/12/30,2017/2/28, 按时交货,货品2,质量合格,华东,1.0,"738,65元"
1102,P283143,10,2016/12/15,2017/3/15, 按时交货,货品6,质量合格,马来西亚,1.0,"17,42元"
1103,P283176,10,2016/12/30,2017/2/28, 按时交货,货品6,质量合格,马来西亚,1.0,"2121,25元"
1104,P283614,10,2016/11/7,2017/2/7, 晚交货,货品3,质量合格,华北,1.0,"323,45元"
1105,P283645,10,2016/12/30,2017/2/28, 按时交货,货品4,质量合格,西北,2.0,"275,71元"
1106,P283645,20,2016/12/30,2017/2/28, 按时交货,货品4,质量合格,西北,2.0,"275,71元"
1107,P283682,10,2016/11/15,2017/2/15, 按时交货,货品2,返修,华东,12.0,"98,65元"
1108,P283682,30,2016/11/15,2017/2/15, 按时交货,货品2,返修,华东,7.0,"3,81元"
1109,P283742,10,2016/11/15,2017/2/15, 按时交货,货品2,质量合格,华东,2.0,"4,17元"
1110,P283742,20,2016/11/15,2017/2/15, 按时交货,货品2,质量合格,华东,2.0,"4,17元"
1111,P284413,10,2016/11/15,2017/2/15, 按时交货,货品2,拒货,华东,1.0,"96,10元"
1112,P284435,10,2016/12/29,2017/2/28, 按时交货,货品4,质量合格,西北,8.0,"429,65元"
1113,P284435,20,2016/12/29,2017/2/28, 按时交货,货品4,质量合格,西北,1.0,"6,32元"
1114,P284597,10,2016/11/20,2017/2/20, 晚交货,货品2,质量合格,华东,2.0,"223,17元"
1115,P284628,10,2016/11/15,2017/2/15, 晚交货,货品6,质量合格,马来西亚,1.0,"1388,02元"
1116,P285361,10,2016/12/5,2017/3/5, 按时交货,货品5,质量合格,泰国,6.0,"119,31元"
1117,P285366,10,2016/12/15,2017/3/15, 按时交货,货品3,质量合格,华北,300.0,"273,73元"
1118,P285384,10,2016/11/15,2017/2/15, 晚交货,货品5,质量合格,泰国,1.0,"340,70元"
1119,P285393,10,2016/12/9,2017/3/9, 按时交货,货品2,拒货,华东,2.0,"1,48元"
1120,P286525,10,2016/12/15,2017/3/15, 按时交货,货品4,质量合格,西北,1.0,"731,74元"
1121,P286535,10,2016/11/15,2017/2/15, 按时交货,货品6,质量合格,马来西亚,1.0,"10,09元"
1122,P286572,10,2016/12/30,2017/2/28, 按时交货,货品6,质量合格,马来西亚,798.0,"1315,75元"
1123,P286572,20,2016/12/30,2017/2/28, 按时交货,货品6,质量合格,马来西亚,12.0,"13,27元"
1124,P286609,10,2016/11/15,2017/2/15, 按时交货,货品3,返修,华北,2.0,"107,78元"
1125,P287430,10,2016/12/20,2017/3/20, 按时交货,货品2,质量合格,华东,1.0,"457,37元"
1126,P287430,20,2016/12/20,2017/3/20, 按时交货,货品2,质量合格,华东,1.0,"457,37元"
1127,P287440,10,2016/12/15,2017/3/15, 按时交货,货品2,质量合格,华东,1.0,"53,61元"
1128,P287556,10,2016/12/30,2017/2/28, 按时交货,货品2,质量合格,华东,1.0,"1945,87元"
1129,P287666,10,2016/11/15,2017/2/15, 晚交货,货品6,质量合格,马来西亚,2.0,"1208,86元"
1130,P287684,10,2016/11/20,2017/2/20, 按时交货,货品2,质量合格,华东,2.0,"2095,33元"
1131,P288561,10,2016/11/15,2017/2/15, 按时交货,货品2,质量合格,华东,2.0,"201,59元"
1132,P289277,10,2016/11/15,2017/2/15, 按时交货,货品6,拒货,马来西亚,1.0,"75,44元"
1133,P290202,10,2016/12/25,2017/2/25, 按时交货,货品3,返修,华北,1.0,"55,11元"
1134,P290202,20,2016/12/25,2017/2/25, 按时交货,货品3,返修,华北,1.0,"55,11元"
1135,P290211,10,2016/12/30,2017/2/28, 按时交货,货品5,质量合格,泰国,1.0,"23,30元"
1136,P290211,20,2016/12/30,2017/2/28, 按时交货,货品5,质量合格,泰国,1.0,"169,47元"
1137,P290256,10,2016/12/30,2017/2/28, 按时交货,货品5,质量合格,泰国,1.0,"223,38元"
1138,P290256,20,2016/12/30,2017/2/28, 按时交货,货品5,质量合格,泰国,1.0,"305,68元"
1139,P290265,10,2016/12/8,2017/3/8, 按时交货,货品2,返修,华东,1.0,"3014,56元"
1140,P290265,20,2016/12/8,2017/3/8, 按时交货,货品2,返修,华东,1.0,"628,03元"
1141,P290801,10,2016/11/20,2017/2/20, 晚交货,货品3,质量合格,华北,2.0,"128,32元"
1142,P290822,10,2016/11/21,2017/2/21, 按时交货,货品2,质量合格,华东,2.0,"120,20元"
1143,P290916,10,2016/12/30,2017/2/28, 按时交货,货品6,质量合格,马来西亚,3.0,"5,23元"
1144,P290916,20,2016/12/30,2017/2/28, 按时交货,货品6,质量合格,马来西亚,3.0,"4,52元"
1145,P291696,10,2016/12/21,2017/3/21, 晚交货,货品3,质量合格,华北,1.0,"21,19元"
1146,P291703,10,2016/12/30,2017/2/28, 按时交货,货品6,拒货,马来西亚,1254.0,"73,15元"
1147,P291832,10,2016/12/30,2017/2/28, 按时交货,货品5,质量合格,泰国,1.0,"154,49元"
1148,P292669,10,2016/12/30,2017/2/28, 按时交货,货品2,质量合格,华东,1.0,"890,61元"
1149,P293768,10,2016/12/30,2017/2/28, 按时交货,货品2,质量合格,华东,1.0,"294,87元"
1150,P296487,10,2016/11/1,2017/2/1, 晚交货,货品6,质量合格,马来西亚,1.0,"2178,60元"
1151,P296511,10,2016/12/29,2017/2/28, 按时交货,货品6,质量合格,马来西亚,1.0,"22,97元"
1152,P297500,10,2016/12/9,2017/3/9, 按时交货,货品3,质量合格,华北,1.0,"533,97元"
1153,P297641,10,2016/12/15,2017/3/15, 按时交货,货品6,质量合格,马来西亚,1.0,"44,59元"
1154,P299789,10,2016/12/14,2017/3/14, 按时交货,货品2,质量合格,华东,1.0,"26,05元"
1155,P299791,10,2016/12/9,2017/3/9, 按时交货,货品2,质量合格,华东,3.0,"297,44元"
1156,P299901,10,2016/12/15,2017/3/15, 按时交货,货品6,质量合格,马来西亚,2.0,"200,41元"
1157,P302956,10,2016/12/22,2017/3/22, 按时交货,货品2,拒货,华东,20.0,"79,44元"
1158,P303801,10,2016/12/15,2017/3/15, 按时交货,货品2,质量合格,华东,1.0,"194,08元"
1159,P307276,10,2016/12/22,2017/3/22, 按时交货,货品6,质量合格,马来西亚,1.0,"32,18元"
1160,P314165,10,2016/12/20,2017/3/20, 按时交货,货品2,质量合格,华东,1.0,"1720,92元"
